lat,lon,addr,sqft,assessed,market,subsidy,change,county
37.36747,-118.40281,"751 Home St, Bishop",23600,490342,605747,1362,-455,Inyo
37.36188,-118.38915,"393 E Line St, Bishop",11000,84641,605747,6149,4332,Inyo
37.3672,-118.40281,"737 Home St, Bishop",16400,298241,605747,3629,1811,Inyo
36.8041,-118.19469,"103 Rosedale Dr, Independence",11132,180667,316130,1598,650,Inyo
36.60538,-118.06469,"105 N Washington St, Lone Pine",6160,194833,379322,2177,1039,Inyo
37.36792,-118.40264,"767 Home St, Bishop",7354,512018,605747,1106,-711,Inyo
36.60478,-118.06438,"125 S Washington St, Lone Pine",5200,66752,379322,3688,2550,Inyo
37.36773,-118.40264,"759 Home St, Bishop",7348,672180,672180,0,-2017,Inyo
37.3678,-118.40294,"724 Rome Dr, Bishop",8904,519209,605747,1021,-796,Inyo
36.60454,-118.0647,"136 S Brewery St, Lone Pine",5000,366116,379322,156,-982,Inyo
36.60466,-118.06476,"126 S Brewery St, Lone Pine",5000,125063,379322,3000,1862,Inyo
36.60492,-118.06489,"104 S Brewery St, Lone Pine",5000,301716,379322,916,-222,Inyo
36.60479,-118.06482,"110 S Brewery St, Lone Pine",5000,155163,379322,2645,1507,Inyo
36.604,-118.06401,"233 S Washington St, Lone Pine",11000,242896,379322,1610,472,Inyo
36.60389,-118.06436,"231 W Post St, Lone Pine",11000,208899,379322,2011,873,Inyo
36.60562,-118.06413,"106 N Washington St, Lone Pine",10000,619081,619081,0,-1857,Inyo
37.36607,-118.40451,"786 Keough St, Bishop",11295,147547,605747,5407,3590,Inyo
37.36607,-118.4042,"774 Keough St, Bishop",11295,188568,605747,4923,3105,Inyo
37.36607,-118.40397,"768 Keough St, Bishop",5647,315042,605747,3430,1613,Inyo
37.36379,-118.39352,"193 May St, Bishop",5200,182482,605747,4995,3177,Inyo
37.36571,-118.40308,"725 W Elm St, Bishop",6745,241816,605747,4294,2477,Inyo
37.36607,-118.40299,"724 Keough St, Bishop",8471,346967,605747,3054,1236,Inyo
37.36607,-118.4035,"742 Keough St, Bishop",5647,280837,605747,3834,2017,Inyo
37.36607,-118.40366,"750 Keough St, Bishop",5647,246107,605747,4244,2427,Inyo
37.36607,-118.40259,"685 Home St, Bishop",8910,492822,605747,1333,-485,Inyo
37.36571,-118.40325,"731 W Elm St, Bishop",6745,412234,605747,2283,466,Inyo
37.36571,-118.40437,"787 W Elm St, Bishop",13490,184519,605747,4970,3153,Inyo
37.36566,-118.40263,"715 West Elm St, Bishop",8825,731119,731119,0,-2193,Inyo
37.36409,-118.39263,"224 E Pine St, Bishop",10400,341591,605747,3117,1300,Inyo
37.36571,-118.4036,"751 W Elm St, Bishop",7419,520200,605747,1009,-808,Inyo
37.3638,-118.39311,"207 May St, Bishop",6448,403814,605747,2383,566,Inyo
37.36409,-118.39313,"462 High St, Bishop",5200,461142,605747,1706,-111,Inyo
37.36518,-118.40442,"786 West Elm St, Bishop",8768,405214,605747,2366,549,Inyo
37.36518,-118.40376,"762 W Elm St, Bishop",6745,364639,605747,2845,1028,Inyo
37.36518,-118.40359,"750 W Elm St, Bishop",6745,266484,605747,4003,2186,Inyo
37.36518,-118.40341,"736 West Elm St, Bishop",6745,522514,605747,982,-835,Inyo
37.36308,-118.39254,"237 Willow St, Bishop",4040,257753,605747,4106,2289,Inyo
37.36518,-118.40315,"730 West Elm St, Bishop",13490,599923,605747,69,-1749,Inyo
37.36308,-118.39271,"231 Willow St, Bishop",6060,416734,605747,2230,413,Inyo
37.36513,-118.40278,"563 Home St, Bishop",11745,308599,605747,3506,1689,Inyo
37.36525,-118.40264,"587 Home St, Bishop",8490,440717,605747,1947,130,Inyo
37.36335,-118.39297,"212 May St, Bishop",5050,301830,605747,3586,1769,Inyo
37.36484,-118.40307,"731 Grove St, Bishop",5500,195258,605747,4844,3027,Inyo
37.36335,-118.39314,"206 May St, Bishop",5050,93093,605747,6049,4232,Inyo
37.36484,-118.40393,"769 Grove St, Bishop",5500,181048,605747,5011,3194,Inyo
37.36484,-118.4041,"775 Grove St, Bishop",5500,199859,605747,4789,2972,Inyo
37.36484,-118.40428,"781 Grove St, Bishop",5500,38718,605747,6691,4874,Inyo
37.36336,-118.39238,"250 May St, Bishop",5050,128765,605747,5628,3811,Inyo
37.36518,-118.40419,"780 W Elm St, Bishop",9443,318721,605747,3387,1570,Inyo
37.36518,-118.40396,"768 W Elm St, Bishop",8768,249215,605747,4207,2390,Inyo
37.36336,-118.39217,"262 May St, Bishop",5050,209772,605747,4672,2855,Inyo
37.36484,-118.40367,"751 Grove St, Bishop",11000,260587,605747,4073,2256,Inyo
37.36308,-118.39218,"263 Willow St, Bishop",5050,455523,605747,1773,-45,Inyo
37.36484,-118.40259,"555 Home St, Bishop",8250,263167,605747,4042,2225,Inyo
37.36336,-118.392,"274 May St, Bishop",5050,421605,605747,2173,356,Inyo
37.36337,-118.39159,"298 May St, Bishop",5050,460745,605747,1711,-106,Inyo
37.36337,-118.3918,"286 May St, Bishop",7070,527418,605747,924,-893,Inyo
37.36484,-118.40451,"787 Grove St, Bishop",9680,524978,605747,953,-864,Inyo
37.36308,-118.39293,"215 Willow St, Bishop",7070,307898,605747,3515,1697,Inyo
37.36309,-118.392,"275 Willow St, Bishop",5555,298904,605747,3621,1804,Inyo
37.36661,-118.40027,"605 Keough St, Bishop",6250,423461,605747,2151,334,Inyo
37.36309,-118.39178,"287 Willow St, Bishop",6565,217521,605747,4581,2764,Inyo
37.16686,-118.28821,"220 Home St, Big Pine",13866,145691,431538,3373,2078,Inyo
37.36418,-118.39167,"292 E Pine St, Bishop",4400,423892,605747,2146,329,Inyo
37.36661,-118.40106,"637 Keough St, Bishop",11625,347915,605747,3042,1225,Inyo
37.36396,-118.39167,"463 N Third St, Bishop",4000,132872,605747,5580,3763,Inyo
37.36661,-118.4008,"625 Keough St, Bishop",7125,286178,605747,3771,1954,Inyo
37.36385,-118.39167,"437 N Third St, Bishop",4000,461039,605747,1708,-110,Inyo
37.36661,-118.40062,"619 Keough St, Bishop",6250,504900,605747,1190,-627,Inyo
37.36661,-118.40195,"687 Keough St, Bishop",9375,230969,605747,4422,2605,Inyo
37.36663,-118.40147,"663 Keough St, Bishop",8963,667499,667499,0,-2002,Inyo
37.36657,-118.40131,"651 Keough St, Bishop",4750,176436,605747,5066,3249,Inyo
37.3661,-118.40096,"630 Keough St, Bishop",6250,211775,605747,4649,2832,Inyo
37.3661,-118.40079,"624 Keough St, Bishop",6250,411363,605747,2294,476,Inyo
37.3661,-118.40044,"612 Keough St, Bishop",6250,102074,605747,5943,4126,Inyo
37.3661,-118.40027,"602 Keough St, Bishop",6250,72289,605747,6295,4478,Inyo
37.36572,-118.40027,"605 W Elm St, Bishop",6250,788009,788009,0,-2364,Inyo
37.36572,-118.40044,"615 W Elm St, Bishop",6250,209447,605747,4676,2859,Inyo
37.36572,-118.4007,"625 W Elm St, Bishop",12500,146320,605747,5421,3604,Inyo
37.16753,-118.29439,"191 N School St, Big Pine",9405,251160,431538,2128,834,Inyo
37.36572,-118.40098,"631 W Elm St, Bishop",7812,199156,605747,4798,2981,Inyo
37.16706,-118.29438,"161 N School St, Big Pine",22275,168999,431538,3098,1803,Inyo
37.16653,-118.29477,"435 W Crocker Ave, Big Pine",18633,98789,431538,3926,2632,Inyo
37.36572,-118.40165,"675 W Elm St, Bishop",6250,585000,605747,245,-1572,Inyo
37.36572,-118.40208,"693 W Elm St, Bishop",12500,509794,605747,1132,-685,Inyo
37.36381,-118.39217,"263 May St, Bishop",5200,631417,631417,0,-1894,Inyo
37.3661,-118.40131,"650 Keough St, Bishop",6250,295979,605747,3655,1838,Inyo
37.3661,-118.40113,"636 Keough St, Bishop",6250,409499,605747,2316,498,Inyo
37.36409,-118.39217,"262 E Pine St, Bishop",5200,210187,605747,4668,2850,Inyo
37.3661,-118.40217,"692 Keough St, Bishop",6250,459000,605747,1732,-86,Inyo
37.16646,-118.29638,"531 W Crocker Ave, Big Pine",10321,201772,431538,2711,1417,Inyo
37.36471,-118.39046,"337 East Pine St, Bishop",20000,514685,605747,1075,-743,Inyo
37.36521,-118.40213,"692 W Elm St, Bishop",9375,298536,605747,3625,1808,Inyo
37.16646,-118.29655,"541 W Crocker Ave, Big Pine",10321,205660,431538,2665,1371,Inyo
37.36475,-118.38933,"537 N Second St, Bishop",8000,436968,605747,1992,174,Inyo
37.36493,-118.38933,"557 N Second St, Bishop",5000,147320,605747,5409,3592,Inyo
37.36521,-118.40165,"674 W Elm St, Bishop",6250,208011,605747,4693,2876,Inyo
37.36455,-118.38933,"387 E Pine St, Bishop",7000,161041,605747,5248,3430,Inyo
37.36521,-118.40148,"662 W Elm St, Bishop",6250,258939,605747,4092,2275,Inyo
37.36521,-118.4013,"650 W Elm St, Bishop",6562,483570,605747,1442,-376,Inyo
37.36521,-118.40108,"636 W Elm St, Bishop",9062,304298,605747,3557,1740,Inyo
37.36521,-118.40085,"630 W Elm St, Bishop",7812,210075,605747,4669,2852,Inyo
37.16663,-118.29437,"159 N School St, Big Pine",9540,267569,431538,1935,640,Inyo
37.36485,-118.40046,"617 Grove St, Bishop",6600,256377,605747,4123,2305,Inyo
37.36485,-118.40104,"637 Grove St, Bishop",11000,137876,605747,5521,3704,Inyo
37.36484,-118.40139,"651 Grove St, Bishop",11000,514153,605747,1081,-736,Inyo
37.36484,-118.40208,"693 Grove St, Bishop",11000,196346,605747,4831,3014,Inyo
37.36485,-118.40079,"625 Grove St, Bishop",5500,199394,605747,4795,2978,Inyo
37.36485,-118.40063,"619 Grove St, Bishop",4400,405111,605747,2367,550,Inyo
37.36413,-118.38981,"368 E Pine St, Bishop",5500,219797,605747,4554,2737,Inyo
37.36495,-118.40027,"537 Hobson St, Bishop",1640,300856,605747,3598,1780,Inyo
37.36421,-118.38933,"487 North Second St, Bishop",5500,435062,605747,2014,197,Inyo
37.3648,-118.40027,"605 Grove St, Bishop",3860,230427,605747,4429,2612,Inyo
37.36406,-118.38933,"463 North Second St, Bishop",5500,447861,605747,1863,46,Inyo
37.3653,-118.40037,"587 Hobson St, Bishop",7031,454145,605747,1789,-28,Inyo
37.36383,-118.38964,"375 May St, Bishop",5500,115999,605747,5779,3962,Inyo
37.36484,-118.40165,"675 Grove St, Bishop",5500,608634,608634,0,-1826,Inyo
37.36382,-118.38981,"369 May St, Bishop",5500,49814,605747,6560,4743,Inyo
37.36484,-118.40183,"681 Grove St, Bishop",5500,631417,631417,0,-1894,Inyo
37.36599,-118.39945,"687 Schley St, Bishop",5000,114092,605747,5802,3984,Inyo
37.16679,-118.29437,"163 N School St, Big Pine",9540,268271,431538,1927,632,Inyo
37.36382,-118.39055,"331 May St, Bishop",5500,229536,605747,4439,2622,Inyo
37.36381,-118.39073,"325 May St, Bishop",5500,476269,605747,1528,-289,Inyo
37.16652,-118.29609,"511 W Crocker Ave, Big Pine",19744,196246,431538,2776,1482,Inyo
37.36555,-118.39936,"505 W Elm St, Bishop",3588,48777,605747,6572,4755,Inyo
37.36561,-118.39978,"563 W Elm St, Bishop",6050,421362,605747,2176,358,Inyo
37.36561,-118.39995,"636 Hobson St, Bishop",4950,408507,605747,2327,510,Inyo
37.36382,-118.39016,"351 May St, Bishop",5500,108851,605747,5863,4046,Inyo
37.36598,-118.39985,"686 Hobson St, Bishop",5500,379314,605747,2672,855,Inyo
37.36382,-118.38998,"363 May St, Bishop",5500,35728,605747,6726,4909,Inyo
37.16637,-118.29427,"401 W Crocker Ave, Big Pine",12276,242441,431538,2231,937,Inyo
37.36382,-118.39118,"307 May St, Bishop",7280,476159,605747,1529,-288,Inyo
37.36583,-118.39985,"662 Hobson St, Bishop",5500,199341,605747,4796,2978,Inyo
37.16637,-118.29454,"419 W Crocker Ave, Big Pine",7540,393355,431538,451,-844,Inyo
37.36383,-118.38941,"387 May St, Bishop",5490,95551,605747,6020,4203,Inyo
37.16631,-118.29727,"581 W Crocker Ave, Big Pine",6628,181113,431538,2955,1660,Inyo
37.36514,-118.39936,"506 W Elm St, Bishop",5940,192680,605747,4874,3057,Inyo
37.36484,-118.39935,"505 Grove St, Bishop",5500,309704,605747,3493,1676,Inyo
37.16635,-118.2969,"563 W Crocker Ave, Big Pine",6534,340000,431538,1080,-214,Inyo
37.36484,-118.39952,"537 Grove St, Bishop",5500,181771,605747,5003,3186,Inyo
37.36337,-118.39002,"362 May St, Bishop",7380,164882,605747,5202,3385,Inyo
37.36484,-118.39976,"563 Grove St, Bishop",5500,290698,605747,3718,1900,Inyo
37.1665,-118.29141,"201 W Crocker Ave, Big Pine",13500,317225,431538,1349,54,Inyo
37.36337,-118.38981,"368 May St, Bishop",4920,174014,605747,5094,3277,Inyo
37.36338,-118.38964,"374 May St, Bishop",4920,179128,605747,5034,3217,Inyo
37.36514,-118.39975,"562 W Elm St, Bishop",4180,276408,605747,3886,2069,Inyo
37.16683,-118.29302,"291 W Crocker Ave, Big Pine",49222,250789,431538,2133,838,Inyo
37.36338,-118.38941,"386 May St, Bishop",4920,343294,605747,3097,1280,Inyo
37.36514,-118.39953,"518 W Elm St, Bishop",5060,364100,605747,2851,1034,Inyo
37.36479,-118.39993,"587 Grove St, Bishop",3850,364101,605747,2851,1034,Inyo
37.36311,-118.38923,"393 Willow St, Bishop",4915,295702,605747,3659,1841,Inyo
37.16754,-118.29373,"190 N School St, Big Pine",11233,469200,469200,0,-1408,Inyo
37.36494,-118.39993,"560 Hobson St, Bishop",1650,392646,605747,2515,697,Inyo
37.36311,-118.3894,"387 Willow St, Bishop",4915,339205,605747,3145,1328,Inyo
37.16778,-118.29375,"210 N School St, Big Pine",11788,414027,431538,207,-1088,Inyo
37.16796,-118.29375,"220 N School St, Big Pine",5200,128608,431538,3575,2280,Inyo
37.3631,-118.38989,"369 Willow St, Bishop",9830,329154,605747,3264,1447,Inyo
37.1665,-118.29167,"211 W Crocker Ave, Big Pine",13500,265301,431538,1962,667,Inyo
37.36561,-118.39839,"615 North Fowler St, Bishop",5500,398807,605747,2442,625,Inyo
37.16755,-118.29334,"192 N School St, Big Pine",7749,190545,431538,2844,1549,Inyo
37.3631,-118.39037,"337 Willow St, Bishop",4915,200979,605747,4776,2959,Inyo
37.16651,-118.29064,"151 W Crocker Ave, Big Pine",13500,216596,431538,2536,1242,Inyo
37.3631,-118.39055,"331 Willow St, Bishop",4915,230521,605747,4428,2610,Inyo
37.1665,-118.29103,"181 W Crocker Ave, Big Pine",27000,208739,431538,2629,1334,Inyo
37.36599,-118.39889,"686 Schley St, Bishop",5500,66536,605747,6363,4545,Inyo
37.36189,-118.38933,"387 East Line St, Bishop",9000,362415,605747,2871,1054,Inyo
37.16699,-118.29359,"160 N School St, Big Pine",25682,352787,431538,929,-365,Inyo
37.36309,-118.39072,"325 Willow St, Bishop",4915,312227,605747,3464,1646,Inyo
37.36561,-118.39857,"437 W Elm St, Bishop",5500,477543,605747,1513,-304,Inyo
37.16675,-118.29359,"158 North School St, Big Pine",12696,416734,431538,175,-1120,Inyo
37.36309,-118.39096,"315 Willow St, Bishop",6499,60613,605747,6433,4615,Inyo
37.36309,-118.39118,"307 Willow St, Bishop",6499,322096,605747,3347,1530,Inyo
37.16645,-118.29331,"311 W Crocker Ave, Big Pine",7728,33550,431538,4696,3402,Inyo
37.36561,-118.39881,"463 W Elm St, Bishop",5500,256735,605747,4118,2301,Inyo
37.3633,-118.39108,"362 N Third St, Bishop",6363,542296,605747,749,-1069,Inyo
37.36337,-118.3902,"350 May St, Bishop",2460,498780,605747,1262,-555,Inyo
37.36311,-118.38963,"375 Willow St, Bishop",4915,319028,605747,3383,1566,Inyo
37.36522,-118.39848,"400 W Elm St, Bishop",5500,229476,605747,4440,2623,Inyo
37.36337,-118.39038,"336 May St, Bishop",4920,82916,605747,6169,4352,Inyo
37.36507,-118.39848,"563 N Fowler St, Bishop",5500,195938,605747,4836,3019,Inyo
37.16784,-118.29344,"212 N School St, Big Pine",6466,106641,431538,3834,2539,Inyo
37.36484,-118.39847,"425 Grove St, Bishop",11000,520864,605747,1002,-816,Inyo
37.16784,-118.29327,"214 N School St, Big Pine",5968,113556,431538,3752,2458,Inyo
37.36196,-118.38838,"151 Hanby Ave, Bishop",5000,241232,605747,4301,2484,Inyo
37.16722,-118.29359,"170 N School St, Big Pine",11384,140448,431538,3435,2140,Inyo
37.36484,-118.3988,"463 Grove St, Bishop",5500,380067,605747,2663,846,Inyo
37.36268,-118.38885,"406 Willow St, Bishop",4900,474358,605747,1550,-267,Inyo
37.36484,-118.39897,"487 Grove St, Bishop",5500,228660,605747,4450,2632,Inyo
37.36269,-118.38868,"412 Willow St, Bishop",4900,333634,605747,3211,1394,Inyo
37.36514,-118.39897,"486 W Elm St, Bishop",5500,277576,605747,3872,2055,Inyo
37.36453,-118.38877,"512 N Second St, Bishop",5247,166876,605747,5179,3361,Inyo
37.36274,-118.38928,"390 Willow St, Bishop",4480,262591,605747,4049,2232,Inyo
37.36514,-118.3988,"462 W Elm St, Bishop",5500,409612,605747,2314,497,Inyo
37.36258,-118.38928,"237 N Second St, Bishop",4481,80600,605747,6197,4379,Inyo
37.36599,-118.39752,"687 Hammond St, Bishop",5500,117112,605747,5766,3949,Inyo
37.3649,-118.38877,"556 N Second St, Bishop",7871,182554,605747,4994,3176,Inyo
37.36561,-118.398,"387 W Elm St, Bishop",6050,453568,605747,1796,-22,Inyo
37.36222,-118.38838,"175 Hanby Ave, Bishop",4116,426532,605747,2115,297,Inyo
37.36209,-118.38838,"173 Hanby Ave, Bishop",5000,209292,605747,4678,2861,Inyo
37.36599,-118.39793,"686 N Fowler St, Bishop",5490,451013,605747,1826,9,Inyo
37.16521,-118.2997,"761 Cornell St, Big Pine",12743,193188,431538,2813,1518,Inyo
37.36414,-118.38869,"424 E Pine St, Bishop",5390,450867,605747,1828,10,Inyo
37.16521,-118.29987,"771 Cornell St, Big Pine",7438,97523,431538,3941,2647,Inyo
37.36384,-118.38869,"425 May St, Bishop",5390,176726,605747,5062,3245,Inyo
37.36306,-118.38783,"312 Hanby Ave, Bishop",4920,462739,605747,1687,-130,Inyo
37.36384,-118.38886,"415 May St, Bishop",5390,143149,605747,5459,3641,Inyo
37.36377,-118.38784,"412 Hanby Ave, Bishop",5500,341506,605747,3118,1301,Inyo
37.36414,-118.38886,"486 N Second St, Bishop",5390,260067,605747,4079,2262,Inyo
37.36393,-118.38784,"436 Hanby Ave, Bishop",5500,449208,605747,1847,30,Inyo
37.36408,-118.38784,"462 Hanby Ave, Bishop",5500,313935,605747,3443,1626,Inyo
37.36514,-118.3976,"336 W Elm St, Bishop",5500,92453,605747,6057,4240,Inyo
37.36168,-118.38782,"451 E Line St, Bishop",5000,397355,605747,2459,642,Inyo
37.36339,-118.38886,"362 N Second St, Bishop",4821,236080,605747,4362,2545,Inyo
37.36507,-118.39743,"563 Hammond St, Bishop",2500,204197,605747,4738,2921,Inyo
37.36195,-118.38782,"150 Hanby Ave, Bishop",5000,514685,605747,1075,-743,Inyo
37.36339,-118.38869,"424 May St, Bishop",4821,364099,605747,2851,1034,Inyo
37.36262,-118.38783,"262 Hanby Ave, Bishop",5000,235132,605747,4373,2556,Inyo
37.36312,-118.38886,"312 N Second St, Bishop",4816,85411,605747,6140,4323,Inyo
37.36276,-118.38783,"286 Hanby Ave, Bishop",5000,535000,605747,835,-982,Inyo
37.36346,-118.38839,"387 Hanby Ave, Bishop",4821,40270,605747,6673,4855,Inyo
37.36319,-118.38839,"337 Hanby Ave, Bishop",4811,107558,605747,5879,4061,Inyo
37.36485,-118.39687,"263 Grove St, Bishop",5500,113341,605747,5810,3993,Inyo
37.36174,-118.4006,"611 West Line St, Bishop",12000,598740,605747,83,-1735,Inyo
37.16527,-118.29577,"491 Cornell St, Big Pine",10022,307749,431538,1461,166,Inyo
37.3608,-118.40195,"175 Iris St, Bishop",6750,191865,605747,4884,3067,Inyo
37.36098,-118.40352,"768 W Line St, Bishop",16690,317208,605747,3405,1588,Inyo
37.16579,-118.29746,"590 W Crocker Ave, Big Pine",14104,459000,459000,0,-1377,Inyo
37.16579,-118.29715,"580 W Crocker Ave, Big Pine",21768,79979,431538,4148,2854,Inyo
37.16573,-118.29671,"550 W Crocker Ave, Big Pine",36892,170803,431538,3077,1782,Inyo
37.16581,-118.29605,"510 W Crocker Ave, Big Pine",16048,93535,431538,3988,2694,Inyo
37.16582,-118.29572,"490 W Crocker Ave, Big Pine",20768,124262,431538,3626,2331,Inyo
37.16582,-118.29535,"460 W Crocker Ave, Big Pine",19729,153395,431538,3282,1987,Inyo
37.36504,-118.39117,"546 N Third St, Bishop",7402,236640,605747,4355,2538,Inyo
37.3608,-118.40135,"174 B Iris St, Bishop",7007,289654,605747,3730,1913,Inyo
37.36227,-118.39908,"475 Church St, Bishop",3911,153479,605747,5337,3520,Inyo
37.16527,-118.29595,"501 Cornell St, Big Pine",11588,271066,431538,1894,599,Inyo
37.36516,-118.39117,"556 N Third St, Bishop",8750,188056,605747,4929,3112,Inyo
37.16527,-118.29612,"511 Cornell St, Big Pine",9083,335553,431538,1133,-162,Inyo
37.3661,-118.39272,"251 E Elm St, Bishop",6370,456319,605747,1763,-54,Inyo
37.16088,-118.28992,"561 S Main St, Big Pine",19628,369789,431538,729,-566,Inyo
37.1659,-118.29468,"430 W Crocker Ave, Big Pine",8328,282645,431538,1757,462,Inyo
36.60565,-118.06261,"115 S Jackson St, Lone Pine",5300,348840,379322,360,-778,Inyo
37.36557,-118.39117,"586 N Third St, Bishop",8911,151154,605747,5364,3547,Inyo
37.16577,-118.29421,"121 S School St, Big Pine",2786,53763,431538,4458,3163,Inyo
37.36544,-118.39117,"574 N Third St, Bishop",8894,419548,605747,2197,380,Inyo
37.16596,-118.29421,"111 S School St, Big Pine",6882,326010,431538,1245,-49,Inyo
36.60527,-118.06242,"129 E Whitney Portal Rd, Lone Pine",5000,100392,379322,3291,2153,Inyo
37.16559,-118.29771,"602 West Crocker Ave, Big Pine",4257,327726,431538,1225,-70,Inyo
37.16518,-118.29467,"437 Cornell St, Big Pine",10436,350198,431538,960,-335,Inyo
37.3661,-118.39255,"257 E Elm St, Bishop",6370,72201,605747,6296,4479,Inyo
36.60584,-118.06156,"230 E Mountain View St, Lone Pine",2137,154405,379322,2654,1516,Inyo
36.60568,-118.06156,"117 S Lone Pine Ave, Lone Pine",3750,177564,379322,2381,1243,Inyo
37.1651,-118.29799,"621 Cornell St, Big Pine",10039,353993,431538,915,-380,Inyo
37.36584,-118.39117,"596 North Third St, Bishop",10024,306652,605747,3529,1712,Inyo
36.60462,-118.06213,"133 E Post St, Lone Pine",8287,166464,379322,2512,1374,Inyo
37.16524,-118.29723,"581 Cornell St, Big Pine",12236,354270,431538,912,-383,Inyo
36.60461,-118.06186,"205 E Post St, Lone Pine",7697,68408,379322,3669,2531,Inyo
37.16524,-118.29704,"561 Cornell St, Big Pine",9542,369864,431538,728,-567,Inyo
36.60581,-118.06169,"220 E Mountain View St, Lone Pine",2258,169380,379322,2477,1339,Inyo
36.60503,-118.06187,"210 E Whitney Portal Rd, Lone Pine",7254,54566,379322,3832,2694,Inyo
36.60495,-118.06207,"150 E Whitney Portal Rd, Lone Pine",4805,214627,379322,1943,805,Inyo
37.16526,-118.2956,"481 Cornell St, Big Pine",11272,62937,431538,4349,3055,Inyo
37.36484,-118.39099,"315 A E Pine St, Bishop",7500,134698,605747,5558,3741,Inyo
37.36457,-118.39099,"315 E Pine St, Bishop",7500,514153,605747,1081,-736,Inyo
37.36621,-118.39119,"293 East Elm St, Bishop",10137,330141,605747,3252,1435,Inyo
37.16581,-118.29508,"450 W Crocker Ave, Big Pine",10319,34092,431538,4690,3395,Inyo
37.36612,-118.39173,"291 E Elm St, Bishop",14461,533231,605747,856,-962,Inyo
36.60551,-118.06177,"129 S Lone Pine Ave, Lone Pine",8351,132536,379322,2912,1774,Inyo
37.16511,-118.29432,"161 South School St, Big Pine",10301,622010,622010,0,-1866,Inyo
37.16518,-118.29682,"555 Cornell St, Big Pine",12090,416055,431538,183,-1112,Inyo
37.15929,-118.28995,"671 South Main St, Big Pine",12096,356615,431538,884,-411,Inyo
37.16583,-118.29488,"440 W Crocker Ave, Big Pine",11690,185630,431538,2902,1607,Inyo
37.15918,-118.29038,"141 Blake Rd, Big Pine",7200,279901,431538,1789,495,Inyo
37.16564,-118.29444,"133 S School St, Big Pine",9966,324957,431538,1258,-37,Inyo
37.16591,-118.2921,"240 W Crocker Ave, Big Pine",14550,378740,431538,623,-672,Inyo
37.16563,-118.2921,"131 Flower Alley, Big Pine",5250,169038,431538,3097,1803,Inyo
37.15947,-118.28995,"651 S Main St, Big Pine",11985,163273,431538,3166,1871,Inyo
37.16547,-118.2921,"141 Flower Alley, Big Pine",6000,102480,431538,3883,2588,Inyo
37.15918,-118.29074,"171 Blake Rd, Big Pine",16692,126600,431538,3598,2304,Inyo
37.36569,-118.39307,"595 Howard St, Bishop",5000,281944,605747,3821,2004,Inyo
37.36555,-118.39307,"583 Howard St, Bishop",5000,259598,605747,4085,2267,Inyo
37.1648,-118.29211,"231 Dewey St, Big Pine",14810,377400,431538,639,-656,Inyo
37.16,-118.28995,"615 S Main St, Big Pine",15029,497917,497917,0,-1494,Inyo
37.16518,-118.29299,"281 Dewey St, Big Pine",34833,46636,431538,4542,3247,Inyo
37.36541,-118.39307,"575 Howard St, Bishop",5000,36223,605747,6720,4903,Inyo
37.16594,-118.29262,"270 W Crocker Ave, Big Pine",7241,138301,431538,3460,2166,Inyo
37.36528,-118.39307,"565 Howard St, Bishop",5000,403924,605747,2382,564,Inyo
37.16561,-118.29354,"130 S School St, Big Pine",24100,238218,431538,2281,987,Inyo
37.36514,-118.39306,"555 Howard St, Bishop",5000,354671,605747,2963,1145,Inyo
37.365,-118.39306,"551 Howard St, Bishop",5000,106188,605747,5895,4078,Inyo
37.36487,-118.39306,"537 Howard St, Bishop",5000,329806,605747,3256,1439,Inyo
37.36448,-118.39305,"225 E Pine St, Bishop",6150,349214,605747,3027,1210,Inyo
37.36452,-118.39346,"508 Central Ave, Bishop",9560,173433,605747,5101,3284,Inyo
37.36514,-118.39348,"556 Central Ave, Bishop",5000,42483,605747,6647,4829,Inyo
37.36568,-118.39349,"596 Central Ave, Bishop",5000,177892,605747,5049,3231,Inyo
36.61372,-118.0648,"215 Lubken Ave, Lone Pine",6600,240276,379322,1641,503,Inyo
37.36462,-118.39222,"275 E Pine St, Bishop",6900,89547,605747,6091,4274,Inyo
36.61376,-118.0646,"221 Lubken Ave, Lone Pine",6600,411374,411374,0,-1234,Inyo
36.60574,-118.06207,"110 South Jackson St, Lone Pine",6752,201628,379322,2097,959,Inyo
36.61379,-118.0644,"235 Lubken Ave, Lone Pine",6600,164580,379322,2534,1396,Inyo
37.36474,-118.39249,"524 Howard St, Bishop",5500,494700,605747,1310,-507,Inyo
36.61383,-118.0642,"241 Lubken Ave, Lone Pine",6600,249517,379322,1532,394,Inyo
36.61386,-118.064,"255 Lubken Ave, Lone Pine",6600,288447,379322,1072,-66,Inyo
37.36542,-118.3925,"574 Howard St, Bishop",5500,91695,605747,6066,4249,Inyo
36.61397,-118.0634,"281 Lubken Ave, Lone Pine",6600,174519,379322,2417,1279,Inyo
37.36556,-118.3925,"582 Howard St, Bishop",5500,195365,605747,4843,3025,Inyo
36.614,-118.0632,"291 Lubken Ave, Lone Pine",6600,193794,379322,2189,1051,Inyo
37.3657,-118.3925,"596 Howard St, Bishop",5500,494190,605747,1316,-501,Inyo
36.60454,-118.06098,"190 S Lone Pine Ave, Lone Pine",7500,413091,413091,0,-1239,Inyo
36.61404,-118.063,"307 Lubken Ave, Lone Pine",6600,175055,379322,2410,1272,Inyo
36.60468,-118.06098,"180 S Lone Pine Ave, Lone Pine",7500,100302,379322,3292,2154,Inyo
36.61407,-118.0628,"311 Lubken Ave, Lone Pine",6600,165781,379322,2520,1382,Inyo
36.60482,-118.06098,"226 S Lone Pine Ave, Lone Pine",7500,147706,379322,2733,1595,Inyo
36.61411,-118.0626,"321 Lubken Ave, Lone Pine",6600,184525,379322,2299,1161,Inyo
37.36437,-118.40393,"762 Grove St, Bishop",5500,345804,605747,3067,1250,Inyo
37.36437,-118.40367,"750 Grove St, Bishop",11030,156842,605747,5297,3480,Inyo
36.61415,-118.0624,"331 Lubken Ave, Lone Pine",6600,219091,379322,1891,753,Inyo
37.36438,-118.40333,"736 Grove St, Bishop",10862,742845,742845,0,-2229,Inyo
37.36438,-118.40259,"487 Home St, Bishop",7603,289288,605747,3734,1917,Inyo
36.6142,-118.06214,"341 Lubken Ave, Lone Pine",10621,85892,379322,3462,2325,Inyo
37.36408,-118.4029,"725 W Pine St, Bishop",5450,173783,605747,5097,3280,Inyo
36.61373,-118.06209,"340 Lubken Ave, Lone Pine",6374,85827,379322,3463,2325,Inyo
37.36408,-118.40307,"731 W Pine St, Bishop",5450,276045,605747,3890,2073,Inyo
37.36407,-118.40324,"737 W Pine St, Bishop",5431,415114,605747,2249,432,Inyo
37.36438,-118.40276,"712 Grove St, Bishop",3258,173936,605747,5095,3278,Inyo
36.61365,-118.06248,"320 Lubken Ave, Lone Pine",6658,379746,379746,0,-1139,Inyo
37.36437,-118.40414,"774 Grove St, Bishop",7721,295157,605747,3665,1848,Inyo
36.61362,-118.06268,"310 Lubken Ave, Lone Pine",6654,174823,379322,2413,1275,Inyo
36.60581,-118.06106,"104 S Lone Pine Ave, Lone Pine",7140,130564,379322,2935,1797,Inyo
36.61358,-118.06288,"300 Lubken Ave, Lone Pine",6654,170597,379322,2463,1325,Inyo
37.36407,-118.40428,"775 W Pine St, Bishop",5777,187311,605747,4938,3120,Inyo
37.36407,-118.4041,"769 W Pine St, Bishop",5450,380881,605747,2653,836,Inyo
36.61355,-118.06308,"290 Lubken Ave, Lone Pine",6650,126771,379322,2980,1842,Inyo
36.60581,-118.06081,"328 E Mountain View St, Lone Pine",3570,211299,379322,1983,845,Inyo
37.36407,-118.4035,"751 W Pine St, Bishop",10900,463508,605747,1678,-139,Inyo
36.61351,-118.06328,"280 Lubken Ave, Lone Pine",6646,88049,379322,3437,2299,Inyo
37.36401,-118.40264,"409 Home St, Bishop",5900,87142,605747,6120,4302,Inyo
36.61348,-118.06348,"270 Lubken Ave, Lone Pine",6640,344812,379322,407,-731,Inyo
37.36438,-118.40307,"730 Grove St, Bishop",5431,596418,605747,110,-1707,Inyo
36.60509,-118.06047,"151 S Hay St, Lone Pine",7500,257026,379322,1443,305,Inyo
36.61337,-118.06408,"240 Lubken Ave, Lone Pine",6630,126382,379322,2985,1847,Inyo
37.36438,-118.4029,"724 Grove St, Bishop",5431,194339,605747,4855,3037,Inyo
37.36437,-118.40446,"786 Grove St, Bishop",13015,272195,605747,3936,2119,Inyo
36.61334,-118.06428,"230 Lubken Ave, Lone Pine",6629,60732,379322,3759,2621,Inyo
36.60495,-118.06047,"163 S Hay St, Lone Pine",7500,163077,379322,2552,1414,Inyo
36.6133,-118.06448,"220 Lubken Ave, Lone Pine",6626,210653,379322,1990,852,Inyo
36.61327,-118.06468,"210 Lubken Ave, Lone Pine",6622,394003,394003,0,-1182,Inyo
36.60581,-118.05914,"101 South Mt Whitney Dr, Lone Pine",9282,374345,379322,59,-1079,Inyo
36.61323,-118.06488,"200 Lubken Ave, Lone Pine",6617,96821,379322,3334,2196,Inyo
36.60564,-118.05914,"111 S Mt Whitney Dr, Lone Pine",6500,142934,379322,2789,1651,Inyo
36.6055,-118.05914,"121 S Mt Whitney Dr, Lone Pine",6500,30475,379322,4116,2978,Inyo
36.61342,-118.06378,"250 Lubken Ave, Lone Pine",13272,335553,379322,516,-621,Inyo
36.60482,-118.05914,"171 S Mt Whitney Dr, Lone Pine",6500,179096,379322,2363,1225,Inyo
36.61392,-118.0637,"269 Lubken Ave, Lone Pine",13200,244627,379322,1589,451,Inyo
36.60468,-118.05914,"181 S Mt Whitney Dr, Lone Pine",6500,180908,379322,2341,1203,Inyo
36.61367,-118.0651,"205 Lubken Ave, Lone Pine",13200,199239,379322,2125,987,Inyo
37.36439,-118.40208,"692 Grove St, Bishop",10000,588225,605747,207,-1610,Inyo
36.60468,-118.05969,"180 S Hay St, Lone Pine",7499,100470,379322,3290,2152,Inyo
37.36437,-118.40152,"662 Grove St, Bishop",8751,414907,605747,2252,435,Inyo
37.36437,-118.40131,"656 Grove St, Bishop",5834,435094,605747,2014,196,Inyo
37.36438,-118.40074,"630 Grove St, Bishop",8667,261509,605747,4062,2245,Inyo
37.36409,-118.40022,"607 West Pine St, Bishop",8667,657900,657900,0,-1974,Inyo
37.36409,-118.40074,"631 W Pine St, Bishop",8667,436108,605747,2002,184,Inyo
37.36408,-118.40105,"651 West Pine St, Bishop",10834,565334,605747,477,-1340,Inyo
37.36407,-118.40131,"657 W Pine St, Bishop",5000,392380,605747,2518,700,Inyo
36.60656,-118.06739,"325 N Brewery St, Lone Pine",209523,897049,897049,0,-2691,Inyo
37.36407,-118.40148,"663 W Pine St, Bishop",5000,333221,605747,3216,1399,Inyo
36.60495,-118.05914,"161 S Mt Whitney Dr, Lone Pine",6500,90140,379322,3412,2274,Inyo
37.36438,-118.40105,"650 Grove St, Bishop",10834,579640,605747,308,-1509,Inyo
36.60542,-118.05968,"126 S Hay St, Lone Pine",13050,147966,379322,2730,1592,Inyo
36.60563,-118.05968,"114 S Hay St, Lone Pine",9839,261126,379322,1395,257,Inyo
37.36401,-118.40209,"408 Home St, Bishop",5880,507715,605747,1157,-660,Inyo
36.60693,-118.06544,"315 N Washington St, Lone Pine",5000,50635,379322,3879,2741,Inyo
37.36417,-118.40209,"436 Home St, Bishop",5668,454765,605747,1782,-36,Inyo
36.60523,-118.05914,"141 S Mt Whitney Dr, Lone Pine",6500,138300,379322,2844,1706,Inyo
36.60687,-118.06586,"221 West Willow St, Lone Pine",20000,309436,379322,825,-313,Inyo
36.60621,-118.06509,"217 N Washington St, Lone Pine",5000,236414,379322,1686,548,Inyo
36.60609,-118.06503,"215 N Washington St, Lone Pine",5000,190441,379322,2229,1091,Inyo
37.36439,-118.39954,"536 Grove St, Bishop",5170,519566,605747,1017,-800,Inyo
36.60509,-118.05969,"150 S Hay St, Lone Pine",7500,154893,379322,2648,1510,Inyo
37.36407,-118.3994,"515 W Pine St, Bishop",7755,421382,605747,2176,358,Inyo
36.60454,-118.0584,"503 E Post St, Lone Pine",7250,98443,379322,3314,2176,Inyo
37.36407,-118.39968,"563 W Pine St, Bishop",7755,586499,605747,227,-1590,Inyo
36.60468,-118.0584,"180 S Mt Whitney Dr, Lone Pine",7250,169516,379322,2476,1338,Inyo
36.60645,-118.06565,"222 N Brewery St, Lone Pine",13000,331499,379322,564,-574,Inyo
36.60711,-118.06488,"310 N Washington St, Lone Pine",5000,128646,379322,2958,1820,Inyo
36.60485,-118.0584,"170 S Mt Whitney Dr, Lone Pine",10875,357000,379322,263,-875,Inyo
36.60506,-118.0584,"150 South Mt Whitney Dr, Lone Pine",10875,360810,379322,218,-920,Inyo
36.60523,-118.0584,"140 S Mt Whitney Dr, Lone Pine",7250,238823,379322,1658,520,Inyo
37.3644,-118.3987,"450 Grove St, Bishop",6110,123253,605747,5693,3876,Inyo
37.3644,-118.39844,"487 N Fowler St, Bishop",7990,207661,605747,4697,2880,Inyo
36.60537,-118.0584,"130 S Mt Whitney Dr, Lone Pine",7250,134081,379322,2894,1756,Inyo
37.36408,-118.39848,"409 North Fowler St, Bishop",10340,426534,605747,2115,297,Inyo
36.60582,-118.0579,"115 S Lakeview St, Lone Pine",8911,331220,379322,568,-570,Inyo
37.16568,-118.2925,"250 W Crocker Ave, Big Pine",35355,151801,431538,3301,2006,Inyo
37.36407,-118.39896,"408 Schley St, Bishop",5170,210141,605747,4668,2851,Inyo
36.60565,-118.05791,"125 S Lakeview St, Lone Pine",8700,332049,379322,558,-580,Inyo
37.16564,-118.29167,"210 W Crocker Ave, Big Pine",43690,316413,431538,1358,64,Inyo
36.6075,-118.06344,"131 E Willow St, Lone Pine",5000,143903,379322,2778,1640,Inyo
36.60745,-118.0636,"121 E Willow St, Lone Pine",5000,64364,379322,3717,2579,Inyo
36.60516,-118.05791,"151 S Lakeview St, Lone Pine",14500,176268,379322,2396,1258,Inyo
36.60491,-118.05791,"161 S Lakeview St, Lone Pine",11600,284336,379322,1121,-17,Inyo
37.16477,-118.29122,"181 Dewey St, Big Pine",10593,312120,431538,1409,115,Inyo
37.36401,-118.39792,"408 N Fowler St, Bishop",5500,311945,605747,3467,1650,Inyo
37.16566,-118.29128,"190 W Crocker Ave, Big Pine",38590,165724,431538,3137,1842,Inyo
37.3642,-118.39792,"436 N Fowler St, Bishop",8250,358410,605747,2919,1101,Inyo
37.36442,-118.39792,"486 North Fowler St, Bishop",8250,288253,605747,3746,1929,Inyo
37.16477,-118.29176,"221 Dewey St, Big Pine",8789,360000,431538,844,-450,Inyo
37.36403,-118.3975,"407 Hammond St, Bishop",6900,752403,752403,0,-2257,Inyo
36.60787,-118.06229,"249 E Willow St, Lone Pine",7500,47827,379322,3912,2774,Inyo
37.36334,-118.39759,"337 Academy Ave, Bishop",5500,378776,605747,2678,861,Inyo
36.60464,-118.05777,"191 S Lakeview St, Lone Pine",7200,273073,379322,1254,116,Inyo
36.6055,-118.05791,"131 S Lakeview St, Lone Pine",7250,307749,379322,845,-293,Inyo
37.16509,-118.29173,"170 Flower Alley, Big Pine",5791,75515,431538,4201,2906,Inyo
36.60537,-118.05791,"141 S Lakeview St, Lone Pine",7250,192500,379322,2204,1067,Inyo
37.16506,-118.29138,"172 Flower Alley, Big Pine",14374,513957,513957,0,-1542,Inyo
37.36357,-118.39791,"362 N Fowler St, Bishop",5500,275970,605747,3891,2074,Inyo
37.36372,-118.39791,"386 N Fowler St, Bishop",5500,232782,605747,4401,2584,Inyo
36.60792,-118.06307,"330 N Jackson St, Lone Pine",10000,288248,379322,1075,-63,Inyo
36.60564,-118.0584,"112 S Mt Whitney Dr, Lone Pine",7250,149768,379322,2709,1571,Inyo
37.16506,-118.2903,"191 S Main St, Big Pine",8854,288465,431538,1688,394,Inyo
36.60812,-118.06246,"240 E Locust St, Lone Pine",4875,187690,379322,2261,1123,Inyo
36.60818,-118.06216,"260 E Locust St, Lone Pine",2598,149047,379322,2717,1579,Inyo
36.60815,-118.0623,"250 E Locust St, Lone Pine",3977,346800,379322,384,-754,Inyo
36.6071,-118.06213,"237 E Bush St, Lone Pine",5000,123926,379322,3014,1876,Inyo
36.6034,-118.06473,"305 S Brewery St, Lone Pine",7200,144415,379322,2772,1634,Inyo
36.60268,-118.06431,"405 S Brewery St, Lone Pine",6600,101396,379322,3280,2142,Inyo
37.16521,-118.28911,"160 S Main St, Big Pine",10635,147705,431538,3349,2055,Inyo
37.36416,-118.39695,"436 Hammond St, Bishop",5490,365578,605747,2834,1017,Inyo
36.60704,-118.06229,"229 E Bush St, Lone Pine",5000,275000,379322,1231,93,Inyo
36.60306,-118.06459,"337 S Brewery St, Lone Pine",12075,334280,379322,531,-606,Inyo
36.60688,-118.06256,"201 E Bush St, Lone Pine",5000,199642,379322,2120,982,Inyo
36.60738,-118.06241,"220 E Willow St, Lone Pine",3750,153337,379322,2667,1529,Inyo
36.60725,-118.06235,"230 Mcelroy Ln, Lone Pine",3750,188168,379322,2256,1118,Inyo
36.60379,-118.06325,"306 S Washington St, Lone Pine",4125,130312,379322,2938,1800,Inyo
36.60735,-118.06172,"185 N Lone Pine Ave, Lone Pine",7494,63256,379322,3730,2592,Inyo
37.16329,-118.30016,"771 Nancy Ln, Big Pine",51400,410000,431538,254,-1040,Inyo
36.60811,-118.06184,"280 E Locust St, Lone Pine",14336,62481,379322,3739,2601,Inyo
37.16315,-118.29947,"376 Rossi Ln, Big Pine",13139,130269,431538,3555,2260,Inyo
36.80365,-118.1947,"151 Rosedale Dr, Independence",11058,151146,316130,1947,998,Inyo
36.60361,-118.0638,"303 S Washington St, Lone Pine",5000,78686,379322,3548,2410,Inyo
36.60312,-118.06399,"239 Tim Holt St, Lone Pine",6100,131334,379322,2926,1788,Inyo
36.60798,-118.06045,"235 N Hay St, Lone Pine",7500,320000,379322,700,-438,Inyo
36.80379,-118.19345,"147 Valley View Dr, Independence",6818,217785,316130,1160,212,Inyo
37.36261,-118.39876,"269 High School Dr, Bishop",3980,137856,605747,5521,3704,Inyo
36.60296,-118.06281,"414 S Washington St, Lone Pine",5000,94695,379322,3359,2221,Inyo
37.16278,-118.29949,"751 Nancy Ln, Big Pine",12048,381014,431538,596,-698,Inyo
37.36286,-118.3976,"350 Academy Ave, Bishop",10440,487093,605747,1400,-417,Inyo
37.36283,-118.3974,"304 Academy Ave, Bishop",8042,325087,605747,3312,1495,Inyo
37.16282,-118.29982,"761 Rossi Ln, Big Pine",17324,83545,431538,4106,2812,Inyo
36.60409,-118.0603,"350 E Post St, Lone Pine",6036,351900,379322,324,-814,Inyo
36.6033,-118.06045,"261 S Hay St, Lone Pine",6500,107556,379322,3207,2069,Inyo
36.60263,-118.061,"310 South Lone Pine Ave, Lone Pine",6000,243836,379322,1599,461,Inyo
37.37124,-118.40066,"662 Sycamore Dr, Bishop",8625,85694,605747,6137,4319,Inyo
36.60289,-118.06099,"290 S Lone Pine Ave, Lone Pine",7500,245000,379322,1585,447,Inyo
37.37124,-118.4004,"660 Sycamore Dr, Bishop",8625,106694,605747,5889,4072,Inyo
36.60317,-118.06099,"270 S Lone Pine Ave, Lone Pine",7500,290140,379322,1052,-86,Inyo
37.37124,-118.40014,"658 Sycamore Dr, Bishop",8625,629000,629000,0,-1887,Inyo
37.37169,-118.40015,"659 Sycamore Dr, Bishop",8250,326686,605747,3293,1476,Inyo
37.37169,-118.40041,"661 Sycamore Dr, Bishop",8250,596418,605747,110,-1707,Inyo
36.60416,-118.06106,"200 S Lone Pine Ave, Lone Pine",7426,288017,379322,1077,-61,Inyo
37.37169,-118.40067,"663 Sycamore Dr, Bishop",8250,259020,605747,4091,2274,Inyo
36.60409,-118.06064,"330 E Post St, Lone Pine",6036,276017,379322,1219,81,Inyo
36.6033,-118.06099,"260 S Lone Pine Ave, Lone Pine",7500,114599,379322,3124,1986,Inyo
36.60412,-118.06081,"324 E Post St, Lone Pine",4307,355980,379322,275,-863,Inyo
37.16432,-118.29935,"235 Rossi Ln, Big Pine",9938,281941,431538,1765,471,Inyo
36.60397,-118.06101,"210 S Lone Pine Ave, Lone Pine",7875,200247,379322,2113,975,Inyo
36.60399,-118.05915,"211 S Mt Whitney Dr, Lone Pine",6500,23353,379322,4200,3062,Inyo
36.6033,-118.05915,"261 S Mt Whitney Dr, Lone Pine",6500,45076,379322,3944,2806,Inyo
36.60289,-118.05916,"291 S Mt Whitney Dr, Lone Pine",6500,172919,379322,2436,1298,Inyo
37.16453,-118.29749,"600 Cornell St, Big Pine",14532,130920,431538,3547,2253,Inyo
37.36012,-118.40087,"197 Edward St, Bishop",7007,234015,605747,4386,2569,Inyo
37.35999,-118.40087,"199 Edward St, Bishop",7007,377265,605747,2696,879,Inyo
36.60276,-118.0597,"300 South Hay St, Lone Pine",7500,223288,379322,1841,703,Inyo
37.16454,-118.29668,"540 Cornell St, Big Pine",10899,203155,431538,2695,1400,Inyo
36.60289,-118.0597,"290 S Hay St, Lone Pine",7500,196922,379322,2152,1014,Inyo
37.16454,-118.29686,"560 Cornell St, Big Pine",11359,402400,431538,344,-951,Inyo
36.60358,-118.05969,"240 S Hay St, Lone Pine",7500,231825,379322,1740,602,Inyo
37.3603,-118.40087,"195 Edward St, Bishop",10511,348950,605747,3030,1213,Inyo
37.16455,-118.29442,"211 S School St, Big Pine",13140,178885,431538,2981,1687,Inyo
36.60399,-118.05969,"210 S Hay St, Lone Pine",7500,210326,379322,1994,856,Inyo
37.3605,-118.40087,"193 Edward St, Bishop",10511,561816,605747,518,-1299,Inyo
37.16436,-118.29443,"231 S School St, Big Pine",13140,98397,431538,3931,2636,Inyo
36.60416,-118.05969,"402 E Post St, Lone Pine",10609,459510,459510,0,-1379,Inyo
37.36064,-118.40135,"186 Iris St, Bishop",9824,763113,763113,0,-2289,Inyo
37.16454,-118.29631,"520 Cornell St, Big Pine",12528,364000,431538,797,-498,Inyo
36.60317,-118.05915,"271 S Mt Whitney Dr, Lone Pine",6500,217812,379322,1906,768,Inyo
36.60303,-118.05915,"281 S Mt Whitney Dr, Lone Pine",6500,111224,379322,3164,2026,Inyo
37.16454,-118.2961,"518 Cornell St, Big Pine",12528,190329,431538,2846,1552,Inyo
37.36095,-118.39971,"137 Fulton St, Bishop",7007,179128,605747,5034,3217,Inyo
36.60351,-118.05915,"251 S Mt Whitney Dr, Lone Pine",13000,284104,379322,1124,-14,Inyo
37.16468,-118.2965,"530 Cornell St, Big Pine",5428,362100,431538,819,-475,Inyo
37.36054,-118.40019,"192 Edward St, Bishop",7007,390527,605747,2540,722,Inyo
36.60317,-118.0597,"270 S Hay St, Lone Pine",7500,102399,379322,3268,2130,Inyo
37.1644,-118.2965,"532 Cornell St, Big Pine",5428,218552,431538,2513,1219,Inyo
36.6033,-118.0597,"260 S Hay St, Lone Pine",7500,192288,379322,2207,1069,Inyo
37.16305,-118.29446,"325 S School St, Big Pine",20650,83358,431538,4109,2814,Inyo
36.60344,-118.0597,"250 S Hay St, Lone Pine",7500,185616,379322,2286,1148,Inyo
37.16454,-118.29726,"572 Cornell St, Big Pine",12528,196009,431538,2779,1485,Inyo
36.60379,-118.05969,"230 S Hay St, Lone Pine",15000,232109,379322,1737,599,Inyo
37.16454,-118.29706,"570 Cornell St, Big Pine",12445,242535,431538,2230,936,Inyo
36.60276,-118.05916,"301 S Mt Whitney Dr, Lone Pine",6500,283313,379322,1133,-5,Inyo
36.60263,-118.05916,"311 S Mt Whitney Dr, Lone Pine",5200,170598,379322,2463,1325,Inyo
37.16455,-118.29496,"440 Cornell St, Big Pine",25975,450460,450460,0,-1351,Inyo
37.36026,-118.40019,"196 Edward St, Bishop",7007,177976,605747,5048,3230,Inyo
36.60358,-118.05792,"241 S Lakeview St, Lone Pine",7250,140915,379322,2813,1675,Inyo
36.60344,-118.05792,"251 S Lakeview St, Lone Pine",7250,258663,379322,1424,286,Inyo
36.6031,-118.05841,"280 S Mt Whitney Dr, Lone Pine",14500,505000,505000,0,-1515,Inyo
36.6033,-118.05841,"260 South Mt Whitney Dr, Lone Pine",7250,288047,379322,1077,-61,Inyo
36.60344,-118.05841,"250 S Mt Whitney Dr, Lone Pine",7250,192222,379322,2208,1070,Inyo
37.36006,-118.40032,"587 Lagoon St, Bishop",6054,599581,605747,73,-1744,Inyo
36.60358,-118.05841,"240 South Mt Whitney Dr, Lone Pine",7250,368972,379322,122,-1016,Inyo
37.36013,-118.3997,"169 Fulton St, Bishop",7007,250153,605747,4196,2379,Inyo
37.16454,-118.29581,"500 Cornell St, Big Pine",23295,95643,431538,3964,2669,Inyo
37.16412,-118.29446,"241 S School St, Big Pine",21830,87833,431538,4056,2761,Inyo
37.16332,-118.29446,"301 S School St, Big Pine",19939,227381,431538,2409,1114,Inyo
36.60399,-118.05841,"210 S Mt Whitney Dr, Lone Pine",7250,121947,379322,3037,1899,Inyo
37.36227,-118.39166,"215 North Third St, Bishop",7480,446047,605747,1884,67,Inyo
37.16467,-118.29817,"210 West St, Big Pine",43560,137036,431538,3475,2181,Inyo
37.36027,-118.3997,"163 Fulton St, Bishop",7007,356580,605747,2940,1123,Inyo
36.60289,-118.05792,"291 S Lakeview St, Lone Pine",7250,194906,379322,2176,1038,Inyo
37.36206,-118.39166,"175 N Third St, Bishop",7380,342365,605747,3108,1291,Inyo
37.36191,-118.39234,"219 East Line St, Bishop",13560,502050,605747,1224,-594,Inyo
36.60396,-118.05791,"211 S Lakeview St, Lone Pine",10875,357000,379322,263,-875,Inyo
37.16384,-118.29446,"261 S School St, Big Pine",21204,403258,431538,334,-961,Inyo
37.3604,-118.40019,"194 Edward St, Bishop",7007,481007,605747,1472,-345,Inyo
36.60375,-118.05792,"231 S Lakeview St, Lone Pine",10875,206364,379322,2041,903,Inyo
37.16276,-118.2943,"331 S School St, Big Pine",13073,338130,431538,1102,-192,Inyo
37.16271,-118.2946,"333 S School St, Big Pine",14452,355130,431538,902,-393,Inyo
37.36184,-118.3933,"175 E Line St, Bishop",8958,396445,605747,2470,653,Inyo
36.6027,-118.05829,"521 Muir St, Lone Pine",6480,358033,379322,251,-887,Inyo
36.6027,-118.05807,"531 Muir St, Lone Pine",5040,100018,379322,3296,2158,Inyo
37.16423,-118.29023,"132 Dewey St, Big Pine",12787,277857,431538,1813,519,Inyo
36.6027,-118.05783,"301 S Lakeview St, Lone Pine",8010,112983,379322,3143,2005,Inyo
36.6033,-118.05792,"261 S Lakeview St, Lone Pine",7250,122189,379322,3034,1896,Inyo
36.6037,-118.05667,"642 E Post St, Lone Pine",5125,105117,379322,3236,2098,Inyo
36.6037,-118.0565,"654 E Post St, Lone Pine",5125,120561,379322,3053,1915,Inyo
37.16333,-118.29071,"141 Chestnut St, Big Pine",19830,360653,431538,836,-458,Inyo
37.16335,-118.2932,"301 Chestnut St, Big Pine",12519,91464,431538,4013,2718,Inyo
36.6037,-118.05633,"311 Line St, Lone Pine",5125,156060,379322,2634,1497,Inyo
37.16421,-118.29334,"310 Dewey St, Big Pine",14153,225263,431538,2434,1139,Inyo
36.60341,-118.05637,"665 South St, Lone Pine",7687,37822,379322,4030,2892,Inyo
36.60341,-118.05663,"645 South St, Lone Pine",7687,42024,379322,3980,2842,Inyo
37.16421,-118.29286,"280 Dewey St, Big Pine",14086,99665,431538,3916,2621,Inyo
36.60341,-118.05684,"635 South St, Lone Pine",5125,227310,379322,1794,656,Inyo
36.60341,-118.05701,"625 South St, Lone Pine",5125,33705,379322,4078,2940,Inyo
36.60341,-118.05718,"615 South St, Lone Pine",5125,121851,379322,3038,1900,Inyo
36.60341,-118.05735,"605 South St, Lone Pine",5125,270300,379322,1286,148,Inyo
37.16422,-118.29211,"240 Dewey St, Big Pine",14824,369661,431538,730,-564,Inyo
36.6037,-118.05735,"604 E Post St, Lone Pine",5125,300676,379322,928,-210,Inyo
36.603,-118.05693,"626 South St, Lone Pine",10250,59281,379322,3776,2639,Inyo
36.603,-118.05633,"666 South St, Lone Pine",5125,293913,379322,1008,-130,Inyo
36.60273,-118.05669,"645 Muir St, Lone Pine",2970,67918,379322,3675,2537,Inyo
37.16333,-118.29109,"161 Chestnut St, Big Pine",9335,371563,431538,708,-587,Inyo
36.60273,-118.05701,"625 Muir St, Lone Pine",5125,177363,379322,2383,1245,Inyo
37.16374,-118.29094,"341 Hall St, Big Pine",26136,182070,431538,2944,1649,Inyo
36.60273,-118.05684,"637 Muir St, Lone Pine",5125,161556,379322,2570,1432,Inyo
37.16423,-118.29149,"231 Hall St, Big Pine",14308,397467,431538,402,-893,Inyo
36.60273,-118.05651,"655 Muir St, Lone Pine",7308,126711,379322,2981,1843,Inyo
36.60273,-118.05633,"665 Muir St, Lone Pine",5125,134040,379322,2894,1756,Inyo
36.603,-118.0565,"654 South St, Lone Pine",5125,276973,379322,1208,70,Inyo
36.603,-118.05735,"604 South St, Lone Pine",5125,237560,379322,1673,535,Inyo
36.60231,-118.05697,"626 Muir St, Lone Pine",7500,106067,379322,3224,2086,Inyo
36.60232,-118.05672,"640 Muir St, Lone Pine",7500,184054,379322,2304,1166,Inyo
37.16377,-118.2935,"260 S School St, Big Pine",29291,393678,431538,447,-848,Inyo
36.60204,-118.05668,"645 School St, Lone Pine",5000,107354,379322,3209,2071,Inyo
37.16422,-118.2918,"200 Dewey St, Big Pine",20545,307441,431538,1464,170,Inyo
36.60204,-118.05685,"635 School St, Lone Pine",5000,73841,379322,3605,2467,Inyo
37.16424,-118.28993,"120 Dewey St, Big Pine",21167,432970,432970,0,-1299,Inyo
36.60204,-118.05702,"625 School St, Lone Pine",5000,122400,379322,3032,1894,Inyo
36.60204,-118.05727,"605 School St, Lone Pine",10000,248808,379322,1540,402,Inyo
37.16334,-118.29261,"265 Chestnut St, Big Pine",9060,487947,487947,0,-1464,Inyo
36.60231,-118.05719,"610 Muir St, Lone Pine",5000,229991,379322,1762,624,Inyo
36.60231,-118.05736,"502 S Lakeview St, Lone Pine",5000,140718,379322,2816,1678,Inyo
37.16385,-118.29246,"255 Sara Ln, Big Pine",10410,366178,431538,771,-523,Inyo
37.16385,-118.29199,"258 Sara Ln, Big Pine",10149,225053,431538,2437,1142,Inyo
37.16366,-118.29189,"262 Sara Ln, Big Pine",8058,233807,431538,2333,1039,Inyo
36.60204,-118.05634,"665 School St, Lone Pine",5000,137748,379322,2851,1713,Inyo
37.16366,-118.29154,"267 Hall St, Big Pine",7623,307779,431538,1460,166,Inyo
37.16335,-118.29157,"201 Chestnut St, Big Pine",19928,78162,431538,4170,2875,Inyo
36.60163,-118.05702,"626 School St, Lone Pine",5000,265301,379322,1345,207,Inyo
36.60163,-118.05685,"636 School St, Lone Pine",5000,182939,379322,2317,1179,Inyo
37.16334,-118.2924,"261 Chestnut St, Big Pine",9932,284104,431538,1740,445,Inyo
36.60163,-118.05668,"640 School St, Lone Pine",5000,118198,379322,3081,1943,Inyo
36.60163,-118.05651,"650 School St, Lone Pine",5000,267384,379322,1321,183,Inyo
37.16406,-118.29357,"220 S School St, Big Pine",5895,314660,431538,1379,85,Inyo
36.60163,-118.05634,"660 School St, Lone Pine",5000,148358,379322,2725,1587,Inyo
36.60135,-118.05702,"625 E Inyo St, Lone Pine",5000,109911,379322,3179,2041,Inyo
36.60135,-118.05728,"615 E Inyo St, Lone Pine",10000,233434,379322,1721,584,Inyo
37.36117,-118.39295,"186 East Line St, Bishop",9300,574120,605747,373,-1444,Inyo
36.60163,-118.05736,"604 S Lakeview St, Lone Pine",5000,285600,379322,1106,-32,Inyo
37.36224,-118.3939,"168 Willow St, Bishop",5649,355504,605747,2953,1136,Inyo
37.16216,-118.29268,"271 Walnut St, Big Pine",22717,537215,537215,0,-1612,Inyo
36.60135,-118.05668,"647 E Inyo St, Lone Pine",5000,51523,379322,3868,2730,Inyo
37.16216,-118.29304,"291 Walnut St, Big Pine",20880,214050,431538,2566,1272,Inyo
36.60135,-118.05685,"633 E Inyo St, Lone Pine",5000,109667,379322,3182,2044,Inyo
37.16216,-118.29232,"251 Walnut St, Big Pine",21798,243459,431538,2219,925,Inyo
36.60135,-118.05651,"655 East Inyo St, Lone Pine",5000,136652,379322,2864,1726,Inyo
37.3607,-118.39295,"187 Short St, Bishop",7800,144001,605747,5449,3631,Inyo
37.16217,-118.29196,"231 Walnut St, Big Pine",21798,370911,431538,715,-579,Inyo
37.36222,-118.39351,"172 Willow St, Bishop",16011,326560,605747,3294,1477,Inyo
37.3607,-118.39278,"193 Short St, Bishop",7800,355443,605747,2954,1136,Inyo
36.60135,-118.05634,"665 E Inyo St, Lone Pine",5000,200773,379322,2107,969,Inyo
37.16272,-118.29357,"420 South School St, Big Pine",43555,820000,820000,0,-2460,Inyo
37.16215,-118.29357,"321 Walnut St, Big Pine",43921,270236,431538,1903,609,Inyo
37.16274,-118.29232,"250 Chestnut St, Big Pine",22651,521304,521304,0,-1564,Inyo
37.16274,-118.29195,"230 Chestnut St, Big Pine",22703,462831,462831,0,-1388,Inyo
37.16275,-118.29136,"200 Chestnut St, Big Pine",14490,317917,431538,1341,46,Inyo
37.16257,-118.28992,"431 S Main St, Big Pine",7761,121855,431538,3654,2360,Inyo
37.16237,-118.28992,"451 S Main St, Big Pine",15650,479027,479027,0,-1437,Inyo
37.36204,-118.39106,"174 N Third St, Bishop",6300,235524,605747,4369,2551,Inyo
37.16219,-118.29051,"151 Walnut St, Big Pine",18792,134528,431538,3505,2210,Inyo
37.3598,-118.39342,"175 Clarke St, Bishop",6265,355306,605747,2955,1138,Inyo
37.36217,-118.39107,"186 N Third St, Bishop",6300,47178,605747,6591,4774,Inyo
37.36259,-118.39108,"262 N Third St, Bishop",6300,393505,605747,2504,687,Inyo
37.16284,-118.29009,"130 Chestnut St, Big Pine",8791,264428,431538,1972,677,Inyo
37.36245,-118.39107,"236 N Third St, Bishop",6300,342238,605747,3109,1292,Inyo
37.36231,-118.39107,"212 N Third St, Bishop",6300,142353,605747,5468,3651,Inyo
37.36081,-118.39174,"163 S Third St, Bishop",7833,312303,605747,3463,1645,Inyo
37.36171,-118.39117,"307 East Line St, Bishop",5040,327837,605747,3279,1462,Inyo
37.36066,-118.39174,"175 S Third St, Bishop",7848,365785,605747,2832,1014,Inyo
37.35976,-118.39224,"286 Sneden St, Bishop",7548,194140,605747,4857,3040,Inyo
37.36126,-118.39087,"316 E Line St, Bishop",5000,276641,605747,3883,2066,Inyo
37.36121,-118.39052,"330 E Line St, Bishop",6948,126548,605747,5655,3837,Inyo
37.36019,-118.39224,"224 Sneden St, Bishop",7509,154511,605747,5325,3507,Inyo
37.36093,-118.38927,"163 South Second St, Bishop",5627,540000,605747,776,-1041,Inyo
37.36074,-118.38927,"187 S Second St, Bishop",5627,241258,605747,4301,2484,Inyo
37.36073,-118.39004,"357 Short St, Bishop",3461,132928,605747,5579,3762,Inyo
37.36125,-118.39228,"218 E Line St, Bishop",11828,482982,605747,1449,-369,Inyo
37.3599,-118.39224,"262 Sneden St, Bishop",7512,542640,605747,745,-1073,Inyo
37.36004,-118.39224,"250 Sneden St, Bishop",7509,451624,605747,1819,1,Inyo
37.36109,-118.39177,"262 E Line St, Bishop",13470,96595,605747,6008,4191,Inyo
37.36118,-118.39159,"286 E Line St, Bishop",8840,63358,605747,6400,4583,Inyo
37.36047,-118.39224,"192 Sneden St, Bishop",7483,470857,605747,1592,-226,Inyo
37.36049,-118.39174,"193 S Third St, Bishop",9250,595917,605747,116,-1701,Inyo
37.36019,-118.39174,"225 S Third St, Bishop",7497,110690,605747,5842,4024,Inyo
37.36028,-118.38957,"380 Short St, Bishop",7255,318586,605747,3388,1571,Inyo
37.36029,-118.38921,"221 S Second St, Bishop",7255,515746,605747,1062,-755,Inyo
37.3599,-118.38939,"387 Clarke St, Bishop",7255,288877,605747,3739,1922,Inyo
37.3599,-118.38957,"381 Clarke St, Bishop",7255,117180,605747,5765,3948,Inyo
37.3599,-118.38975,"375 Clarke St, Bishop",7255,304067,605747,3560,1743,Inyo
37.3599,-118.38993,"363 Clarke St, Bishop",7255,385105,605747,2604,786,Inyo
37.35989,-118.39083,"325 Clarke St, Bishop",7939,128942,605747,5626,3809,Inyo
37.35979,-118.3911,"286 S Third St, Bishop",6500,546521,605747,699,-1118,Inyo
37.36036,-118.39092,"312 Short St, Bishop",3234,363106,605747,2863,1046,Inyo
37.36036,-118.39079,"324 Short St, Bishop",2400,152545,605747,5348,3531,Inyo
37.35983,-118.38921,"287 S Second St, Bishop",4228,490000,605747,1366,-451,Inyo
37.36002,-118.38921,"263 S Second St, Bishop",3027,223266,605747,4513,2696,Inyo
37.3599,-118.39011,"359 Clarke St, Bishop",7255,315986,605747,3419,1602,Inyo
37.36075,-118.39117,"162 S Third St, Bishop",6405,188097,605747,4928,3111,Inyo
37.3599,-118.39029,"351 St Clarke, Bishop",7255,321405,605747,3355,1538,Inyo
37.361,-118.39117,"150 South Third St, Bishop",6405,504411,605747,1196,-621,Inyo
37.36028,-118.39048,"336 Short St, Bishop",8257,418171,605747,2213,396,Inyo
37.36027,-118.39066,"330 Short St, Bishop",6255,281736,605747,3823,2006,Inyo
37.35934,-118.391,"312 Clarke St, Bishop",7584,274417,605747,3910,2092,Inyo
37.36084,-118.3895,"375 Short St, Bishop",6948,154696,605747,5322,3505,Inyo
37.35934,-118.39064,"330 Clarke St, Bishop",7558,327687,605747,3281,1464,Inyo
37.35934,-118.39046,"336 Clarke St, Bishop",7552,311224,605747,3475,1658,Inyo
37.35934,-118.39028,"350 Clarke St, Bishop",7532,447437,605747,1868,51,Inyo
37.36122,-118.38949,"380 E Line St, Bishop",6531,420543,605747,2185,368,Inyo
37.35935,-118.38992,"362 Clarke St, Bishop",7506,86043,605747,6133,4315,Inyo
37.35935,-118.38974,"374 Clarke St, Bishop",7464,342322,605747,3108,1291,Inyo
37.35935,-118.38956,"380 Clarke St, Bishop",7490,564147,605747,491,-1326,Inyo
37.36123,-118.39069,"324 E Line St, Bishop",6054,318718,605747,3387,1570,Inyo
37.35896,-118.39028,"351 E South St, Bishop",7255,135505,605747,5549,3732,Inyo
37.35896,-118.38992,"363 E South St, Bishop",7255,283144,605747,3807,1989,Inyo
37.35896,-118.38974,"375 E South St, Bishop",7255,461625,605747,1701,-117,Inyo
37.35936,-118.3892,"311 S Second St, Bishop",7464,169005,605747,5154,3336,Inyo
37.35935,-118.38938,"386 Clarke St, Bishop",7467,409612,605747,2314,497,Inyo
37.36088,-118.3908,"325 Short St, Bishop",7472,241744,605747,4295,2478,Inyo
37.36075,-118.39051,"337 Short St, Bishop",6403,167873,605747,5167,3350,Inyo
37.35924,-118.39118,"336 S Third St, Bishop",3660,257671,605747,4107,2290,Inyo
37.36131,-118.38927,"386 E Line St, Bishop",5832,253576,605747,4156,2338,Inyo
37.36029,-118.38882,"210 S Second St, Bishop",7255,479666,605747,1488,-329,Inyo
37.3603,-118.38846,"424 Short St, Bishop",7255,380252,605747,2661,844,Inyo
37.3603,-118.3881,"436 Short St, Bishop",7255,348037,605747,3041,1224,Inyo
37.36031,-118.38738,"474 Short St, Bishop",7255,658028,658028,0,-1974,Inyo
37.36123,-118.38884,"406 E Line St, Bishop",7255,277588,605747,3872,2055,Inyo
37.35992,-118.38738,"475 Clarke St, Bishop",7255,489600,605747,1371,-447,Inyo
37.35992,-118.38756,"463 Clarke St, Bishop",7255,218858,605747,4565,2748,Inyo
37.35992,-118.3881,"437 Clarke St, Bishop",7255,250543,605747,4191,2374,Inyo
37.35991,-118.38882,"286 S Second St, Bishop",7255,53920,605747,6512,4694,Inyo
37.35983,-118.38703,"487 Clarke St, Bishop",3080,302656,605747,3576,1759,Inyo
37.36086,-118.38721,"481 Short St, Bishop",7255,128695,605747,5629,3812,Inyo
37.36027,-118.38864,"412 Short St, Bishop",8300,488000,605747,1389,-428,Inyo
37.35988,-118.38864,"415 Clarke St, Bishop",6211,338016,605747,3159,1342,Inyo
37.36085,-118.38847,"425 Short St, Bishop",7255,525000,605747,953,-864,Inyo
37.36085,-118.38883,"186 S Second St, Bishop",7255,141587,605747,5477,3660,Inyo
37.35992,-118.38828,"431 Clarke St, Bishop",7256,490101,605747,1365,-453,Inyo
37.36085,-118.38865,"415 Short St, Bishop",7255,301629,605747,3589,1771,Inyo
37.36086,-118.38793,"451 Short St, Bishop",7255,296861,605747,3645,1828,Inyo
37.3603,-118.38774,"458 Short St, Bishop",7255,311163,605747,3476,1659,Inyo
37.3603,-118.38756,"462 Short St, Bishop",7255,245673,605747,4249,2432,Inyo
37.35926,-118.38882,"336 S Second St, Bishop",3732,319936,605747,3373,1555,Inyo
37.36086,-118.38757,"471 Short St, Bishop",7673,176904,605747,5060,3243,Inyo
37.35936,-118.38828,"430 Clarke St, Bishop",7389,128265,605747,5634,3817,Inyo
37.35937,-118.3881,"436 Clarke St, Bishop",7370,325029,605747,3312,1495,Inyo
37.35937,-118.38792,"450 Clarke St, Bishop",7361,199780,605747,4790,2973,Inyo
37.35937,-118.38774,"458 Clarke St, Bishop",7333,151888,605747,5356,3538,Inyo
37.35937,-118.38756,"462 Clarke St, Bishop",7314,425210,605747,2130,313,Inyo
37.359,-118.38702,"487 E South St, Bishop",7255,150870,605747,5368,3550,Inyo
37.35899,-118.38738,"475 E South St, Bishop",7255,303048,605747,3572,1755,Inyo
37.35899,-118.38756,"463 E South St, Bishop",7255,177419,605747,5054,3237,Inyo
37.35897,-118.38881,"407 E South St, Bishop",7255,177892,605747,5049,3231,Inyo
37.35938,-118.38702,"486 Clarke St, Bishop",7266,372300,605747,2755,937,Inyo
37.35946,-118.38882,"312 S Second St, Bishop",3727,397952,605747,2452,635,Inyo
37.35898,-118.38806,"437 E South St, Bishop",9757,477543,605747,1513,-304,Inyo
37.35898,-118.38779,"459 E South St, Bishop",12009,541214,605747,761,-1056,Inyo
37.35897,-118.38859,"415 East South St, Bishop",11175,388403,605747,2565,747,Inyo
37.35938,-118.38684,"317 First St, Bishop",7255,441757,605747,1935,118,Inyo
37.35937,-118.38738,"474 Clarke St, Bishop",7308,282779,605747,3811,1994,Inyo
37.35938,-118.3872,"480 Clarke St, Bishop",7276,53516,605747,6516,4699,Inyo
37.35913,-118.38684,"361 First St, Bishop",2170,375218,605747,2720,903,Inyo
37.35894,-118.38684,"387 First St, Bishop",5085,60505,605747,6434,4617,Inyo
37.36221,-118.38877,"206 N Second St, Bishop",4116,331109,605747,3241,1423,Inyo
37.36234,-118.38877,"212 N Second St, Bishop",4900,186548,605747,4947,3129,Inyo
37.36042,-118.38635,"212 First St, Bishop",7950,431852,605747,2052,235,Inyo
37.36023,-118.38635,"236 First St, Bishop",7970,540000,605747,776,-1041,Inyo
37.35985,-118.38635,"286 First St, Bishop",7996,215929,605747,4600,2783,Inyo
37.36276,-118.38838,"486 Willow St, Bishop",4900,464902,605747,1662,-155,Inyo
37.3591,-118.38634,"362 First St, Bishop",8053,396565,605747,2468,651,Inyo
37.35891,-118.38634,"386 First St, Bishop",8054,141966,605747,5473,3655,Inyo
37.36262,-118.38838,"263 Hanby Ave, Bishop",4900,334460,605747,3201,1384,Inyo
37.36248,-118.38838,"237 Hanby Ave, Bishop",4900,494700,605747,1310,-507,Inyo
37.36235,-118.38838,"215 Hanby Ave, Bishop",4900,343843,605747,3090,1273,Inyo
37.36175,-118.38863,"425 E Line St, Bishop",4989,61852,605747,6418,4601,Inyo
37.36175,-118.38889,"411 E Line St, Bishop",9989,434862,605747,2016,199,Inyo
36.80228,-118.19406,"226 Rosedale Dr, Independence",6816,124285,316130,2264,1315,Inyo
36.80241,-118.19406,"254 Rosedale Dr, Independence",6816,93472,316130,2627,1679,Inyo
36.80324,-118.19406,"190 Rosedale Dr, Independence",6816,357201,357201,0,-1072,Inyo
36.80338,-118.19406,"180 Rosedale Dr, Independence",6815,217528,316130,1164,215,Inyo
36.80355,-118.19406,"166 Rosedale Dr, Independence",10223,209242,316130,1261,313,Inyo
36.80375,-118.19406,"150 Rosedale Dr, Independence",10223,438288,438288,0,-1315,Inyo
36.80392,-118.19406,"140 Rosedale Dr, Independence",6815,204803,316130,1314,365,Inyo
36.80422,-118.19406,"112 Rosedale Dr, Independence",8928,411127,411127,0,-1233,Inyo
36.80338,-118.19345,"177 Valley View Dr, Independence",6816,380913,380913,0,-1143,Inyo
37.35934,-118.39218,"236 Clarke St, Bishop",7696,121391,605747,5715,3898,Inyo
36.8032,-118.19345,"187 Valley View Dr, Independence",10224,318646,318646,0,-956,Inyo
36.803,-118.19345,"201 Valley View Dr, Independence",10224,192162,316130,1463,514,Inyo
36.80358,-118.19345,"167 Valley View Dr, Independence",13632,462079,462079,0,-1386,Inyo
36.80252,-118.19345,"245 Valley View Dr, Independence",10224,213940,316130,1206,257,Inyo
36.80231,-118.19346,"551 Sierra St, Independence",10224,51435,316130,3123,2175,Inyo
36.80279,-118.19406,"222 Rosedale Dr, Independence",10223,226990,316130,1052,103,Inyo
36.80259,-118.19406,"244 Rosedale Dr, Independence",10223,320291,320291,0,-961,Inyo
37.35943,-118.39239,"212 Clarke St, Bishop",3848,324105,605747,3323,1506,Inyo
36.80282,-118.19345,"223 Valley View Dr, Independence",6816,318586,318586,0,-956,Inyo
36.80269,-118.19345,"227 Valley View Dr, Independence",6816,390989,390989,0,-1173,Inyo
37.35925,-118.39239,"324 Sneden St, Bishop",3848,30603,605747,6787,4969,Inyo
36.60771,-118.06045,"211 N Hay St, Lone Pine",7508,157595,379322,2616,1478,Inyo
36.80178,-118.19355,"550 Sierra St, Independence",12474,180637,316130,1599,650,Inyo
37.36051,-118.38448,"157 Johnston Dr, Bishop",6760,494669,605747,1311,-507,Inyo
36.80097,-118.19394,"360 Rosedale Dr, Independence",9652,323644,323644,0,-971,Inyo
37.36036,-118.38448,"163 Johnston Dr, Bishop",6333,307550,605747,3519,1701,Inyo
36.60647,-118.06046,"121 N Hay St, Lone Pine",7500,213076,379322,1962,824,Inyo
36.60634,-118.06097,"116 N Lone Pine Ave, Lone Pine",7500,274223,379322,1240,102,Inyo
36.60661,-118.06097,"132 N Lone Pine Ave, Lone Pine",7500,135587,379322,2876,1738,Inyo
36.60771,-118.06097,"210 N Lone Pine Ave, Lone Pine",7500,118372,379322,3079,1941,Inyo
36.60796,-118.06096,"230 N Lone Pine Ave, Lone Pine",6600,241564,379322,1626,488,Inyo
36.60755,-118.06046,"201 N Hay St, Lone Pine",9760,275000,379322,1231,93,Inyo
36.60647,-118.05917,"125 N Mt Whitney Dr, Lone Pine",7500,145332,379322,2761,1623,Inyo
36.60674,-118.05917,"145 N Mt Whitney Dr, Lone Pine",7500,276494,379322,1213,75,Inyo
36.60633,-118.05917,"115 N Mt Whitney Dr, Lone Pine",7500,137892,379322,2849,1711,Inyo
36.6062,-118.05968,"104 N Hay St, Lone Pine",7500,306673,379322,857,-281,Inyo
36.60702,-118.05967,"162 N Hay St, Lone Pine",7500,146782,379322,2744,1606,Inyo
36.60798,-118.05967,"230 N Hay St, Lone Pine",7500,198065,379322,2139,1001,Inyo
36.60816,-118.05967,"406 E Locust St, Lone Pine",11819,175054,379322,2410,1272,Inyo
36.60703,-118.05916,"165 North Mt Whitney Dr, Lone Pine",9000,226058,379322,1809,671,Inyo
36.60661,-118.05917,"135 N Mt Whitney Dr, Lone Pine",7500,177781,379322,2378,1240,Inyo
36.60633,-118.05968,"110 N Hay St, Lone Pine",7500,98223,379322,3317,2179,Inyo
36.60809,-118.05916,"450 E Locust St, Lone Pine",19395,326007,379322,629,-509,Inyo
36.60724,-118.05916,"185 N Mt Whitney Dr, Lone Pine",13500,339586,379322,469,-669,Inyo
36.60777,-118.05916,"225 N Mt Whitney Dr, Lone Pine",14805,384262,384262,0,-1153,Inyo
37.35997,-118.38385,"186 Johnston Dr, Bishop",7850,427386,605747,2105,287,Inyo
37.3601,-118.38384,"174 Johnston Dr, Bishop",7065,111352,605747,5834,4017,Inyo
36.60757,-118.05967,"210 N Hay St, Lone Pine",7304,204104,379322,2068,930,Inyo
37.36025,-118.38385,"168 Johnston Dr, Bishop",10176,156328,605747,5303,3486,Inyo
36.60743,-118.05967,"190 N Hay St, Lone Pine",7645,113936,379322,3132,1994,Inyo
36.60784,-118.05967,"224 N Hay St, Lone Pine",7475,218108,379322,1902,764,Inyo
36.80185,-118.19379,"544 Sierra St, Independence",5340,52712,316130,3108,2160,Inyo
36.80185,-118.19397,"530 Sierra St, Independence",5340,18797,316130,3509,2560,Inyo
36.60647,-118.05839,"120 N Mt Whitney Dr, Lone Pine",7250,163822,379322,2543,1405,Inyo
36.60667,-118.05839,"144 N Mt Whitney Dr, Lone Pine",14500,185996,379322,2281,1143,Inyo
36.80185,-118.19419,"302 Rosedale Dr, Independence",7578,252810,316130,747,-201,Inyo
36.60688,-118.05839,"154 N Mt Whitney Dr, Lone Pine",7250,166477,379322,2512,1374,Inyo
36.8011,-118.19394,"350 Rosedale Dr, Independence",9652,148357,316130,1980,1031,Inyo
36.60702,-118.05839,"164 N Mt Whitney Dr, Lone Pine",7250,67055,379322,3685,2547,Inyo
36.60777,-118.05789,"221 N Lakeview St, Lone Pine",14500,366373,379322,153,-985,Inyo
36.80178,-118.19331,"556 Sierra St, Independence",8613,51850,316130,3119,2170,Inyo
36.60633,-118.0579,"111 N Lakeview St, Lone Pine",7250,186204,379322,2279,1141,Inyo
36.60619,-118.0579,"551 E Mountain View St, Lone Pine",7250,175504,379322,2405,1267,Inyo
36.6077,-118.05839,"210 N Mt Whitney Dr, Lone Pine",7250,373503,379322,69,-1069,Inyo
36.80138,-118.19384,"330 Rosedale Dr, Independence",12640,142222,316130,2052,1104,Inyo
36.60808,-118.05789,"540 E Locust St, Lone Pine",18824,386857,386857,0,-1161,Inyo
37.36052,-118.38385,"150 Johnston Dr, Bishop",7693,458725,605747,1735,-82,Inyo
37.36067,-118.38385,"136 Johnston Dr, Bishop",9404,185293,605747,4961,3144,Inyo
37.36123,-118.38402,"112 Johnston Dr, Bishop",9115,100005,605747,5968,4151,Inyo
36.60728,-118.0582,"174 N Mt Whitney Dr, Lone Pine",29036,217519,379322,1909,771,Inyo
37.36123,-118.38375,"606 E Line St, Bishop",15465,152171,605747,5352,3535,Inyo
36.60695,-118.0579,"155 N Lakeview St, Lone Pine",14500,236980,379322,1680,542,Inyo
36.60446,-118.07026,"581 W Bush St, Lone Pine",14000,120823,379322,3050,1912,Inyo
36.6048,-118.06917,"501 W Bush St, Lone Pine",30000,408206,408206,0,-1225,Inyo
36.60495,-118.0687,"481 W Bush St, Lone Pine",30000,223372,379322,1840,702,Inyo
37.3608,-118.38385,"130 Johnston Dr, Bishop",7357,521861,605747,990,-827,Inyo
36.6047,-118.06949,"525 W Bush St, Lone Pine",10000,287390,379322,1085,-53,Inyo
37.36094,-118.38384,"124 Johnston Dr, Bishop",8015,393169,605747,2508,691,Inyo
36.60459,-118.06969,"551 W Bush St, Lone Pine",15750,333533,379322,540,-598,Inyo
37.3684,-118.4032,"737 Rome Dr, Bishop",11950,298306,605747,3628,1811,Inyo
37.36841,-118.40342,"747 Rome Dr, Bishop",8264,263352,605747,4040,2223,Inyo
37.36842,-118.40365,"757 Rome Dr, Bishop",10850,502860,605747,1214,-603,Inyo
37.36843,-118.40391,"763 Rome Dr, Bishop",11063,524176,605747,963,-855,Inyo
37.36843,-118.40415,"767 Rome Dr, Bishop",7425,400983,605747,2416,599,Inyo
37.36843,-118.40434,"777 Rome Dr, Bishop",7425,434304,605747,2023,206,Inyo
37.36843,-118.40455,"787 Rome Dr, Bishop",8910,803871,803871,0,-2412,Inyo
37.3679,-118.40403,"770 Rome Dr, Bishop",6942,473986,605747,1555,-262,Inyo
37.36789,-118.40367,"756 Rome Dr, Bishop",6531,364244,605747,2850,1032,Inyo
37.36788,-118.40349,"746 Rome Dr, Bishop",6309,410662,605747,2302,485,Inyo
37.36787,-118.40331,"736 Rome Dr, Bishop",6431,367755,605747,2808,991,Inyo
37.36787,-118.40311,"730 Rome Dr, Bishop",6414,427596,605747,2102,285,Inyo
37.3679,-118.40452,"786 Rome Dr, Bishop",10800,730000,730000,0,-2190,Inyo
37.3679,-118.40425,"774 Rome Dr, Bishop",10530,521931,605747,989,-828,Inyo
37.36825,-118.40268,"775 Home St, Bishop",6250,348561,605747,3035,1218,Inyo
37.3684,-118.40297,"729 Rome Dr, Bishop",8732,584511,605747,251,-1567,Inyo
37.36847,-118.40266,"777 Home St, Bishop",12979,204968,605747,4729,2912,Inyo
37.41325,-118.58544,"215 N Round Valley Rd, Round Valley",435600,462493,605747,1690,-127,Inyo
36.60373,-118.0707,"638 W Bush St, Lone Pine",20894,92343,379322,3386,2248,Inyo
37.43333,-118.59426,"1341 Birchim Ln, Round Valley",22651,138301,605747,5516,3699,Inyo
36.60406,-118.06892,"510 W Bush St, Lone Pine",25000,121976,379322,3037,1899,Inyo
37.43297,-118.59426,"1335 Birchim Ln, Bishop",21780,477542,605747,1513,-304,Inyo
37.43249,-118.59487,"200 Ocean View Ave, Round Valley",20908,299943,605747,3608,1791,Inyo
36.60414,-118.06868,"502 W Bush St, Lone Pine",12500,100372,379322,3292,2154,Inyo
37.43379,-118.59451,"1381 Birchim Ln, Bishop",23086,380148,605747,2662,845,Inyo
37.43249,-118.59516,"220 Ocean View Ave, Bishop",14810,535909,605747,824,-993,Inyo
37.43252,-118.59546,"240 Ocean View Ave, Bishop",22215,485793,605747,1415,-402,Inyo
37.43254,-118.59362,"148 Ocean View Ave, Round Valley",43560,465593,605747,1654,-163,Inyo
37.43329,-118.59534,"1445 Birchim Ln, Round Valley",13503,112338,605747,5822,4005,Inyo
36.80671,-118.20293,"555 N Edwards St, Independence",49936,132820,316130,2163,1215,Inyo
37.43358,-118.59534,"1443 Birchim Ln, Round Valley",14374,164671,605747,5205,3387,Inyo
37.43385,-118.59533,"1417 Birchim Ln, Round Valley",33541,565086,605747,480,-1337,Inyo
36.80639,-118.20271,"537 N Edwards St, Independence",11657,40064,316130,3258,2309,Inyo
36.80887,-118.20328,"700 N Edwards St, Independence",9000,97707,316130,2577,1629,Inyo
36.6028,-118.07086,"929 Fairbanks St, Lone Pine",11709,469233,469233,0,-1408,Inyo
37.43374,-118.59361,"1327 Birchim Ln, Bishop",45738,315812,605747,3421,1604,Inyo
37.43373,-118.59222,"1215 Birchim Ln, Bishop",145926,719816,719816,0,-2159,Inyo
36.60406,-118.06942,"550 W Bush St, Lone Pine",12069,222009,379322,1856,718,Inyo
36.8074,-118.20222,"604 N Edwards St, Independence",10365,175545,316130,1659,711,Inyo
36.60383,-118.06928,"551 W Whitney Portal Rd, Lone Pine",27501,428913,428913,0,-1287,Inyo
37.43248,-118.59185,"120 Ocean View Ave, Round Valley",87120,693886,693886,0,-2082,Inyo
37.4325,-118.59452,"180 Ocean View Ave, Bishop",21780,214766,605747,4614,2796,Inyo
37.4325,-118.59414,"160 Ocean View Ave, Bishop",25264,111545,605747,5832,4014,Inyo
36.60507,-118.0683,"461 W Bush St, Lone Pine",20000,189472,379322,2240,1102,Inyo
37.43309,-118.59297,"199 Walford Cir, Bishop",43560,680360,680360,0,-2041,Inyo
36.60548,-118.06694,"371 West Bush St, Lone Pine",10000,231827,379322,1740,602,Inyo
36.60524,-118.06774,"421 W Bush St, Lone Pine",10000,276017,379322,1219,81,Inyo
36.80357,-118.20349,"307 W Main St, Independence",5000,93832,316130,2623,1675,Inyo
36.60558,-118.06663,"351 West Bush St, Lone Pine",10000,454969,454969,0,-1365,Inyo
37.43305,-118.59151,"191 Walford Cir, Bishop",44431,349472,605747,3024,1207,Inyo
36.60553,-118.06678,"361 W Bush St, Lone Pine",10000,207855,379322,2023,885,Inyo
36.80349,-118.20369,"317 W Main St, Independence",8000,70812,316130,2895,1946,Inyo
36.60538,-118.06726,"391 W Bush St, Lone Pine",10000,339068,379322,475,-663,Inyo
36.60592,-118.06602,"215 N Brewery St, Lone Pine",16623,348170,379322,368,-770,Inyo
36.60566,-118.0664,"335 W Bush St, Lone Pine",18900,290919,379322,1043,-95,Inyo
37.431,-118.59523,"230 Hardy Rd, Round Valley",88862,278408,605747,3863,2045,Inyo
36.60519,-118.0679,"431 W Bush St, Lone Pine",10000,334533,379322,529,-609,Inyo
36.60514,-118.06806,"441 W Bush St, Lone Pine",10000,278339,379322,1192,54,Inyo
36.80454,-118.20278,"363 N Washington St, Independence",6500,255711,316130,713,-235,Inyo
36.60531,-118.0675,"401 West Bush St, Lone Pine",20000,500000,500000,0,-1500,Inyo
37.43155,-118.59435,"155 Ocean View Ave, Round Valley",42688,236421,605747,4358,2541,Inyo
36.80409,-118.20238,"201 W Main St, Independence",9750,242896,316130,864,-84,Inyo
36.80401,-118.20257,"219 W Main St, Independence",9750,210000,316130,1252,304,Inyo
37.43185,-118.59505,"215 Ocean View Ave, Round Valley",10454,435586,605747,2008,191,Inyo
36.80382,-118.20286,"243 W Main St, Independence",6500,329072,329072,0,-987,Inyo
37.43185,-118.59484,"201 Ocean View Ave, Round Valley",15681,68545,605747,6339,4522,Inyo
36.80442,-118.20271,"345 N Washington St, Independence",6500,300891,316130,180,-769,Inyo
37.43083,-118.59143,"2521 N Round Valley Rd, Round Valley",20037,360906,605747,2889,1072,Inyo
37.43183,-118.5922,"53 Ocean View Ave, Bishop",22651,670101,670101,0,-2010,Inyo
37.43183,-118.59188,"37 Ocean View Ave, Round Valley",15681,374161,605747,2733,915,Inyo
36.8043,-118.20263,"331 N Washington St, Independence",6500,65822,316130,2954,2005,Inyo
37.43184,-118.59256,"79 Ocean View Ave, Round Valley",20908,169528,605747,5147,3330,Inyo
36.8038,-118.2031,"300 N Webster St, Independence",9750,278875,316130,440,-509,Inyo
37.4317,-118.59374,"137 Ocean View Ave, Round Valley",33346,375101,605747,2722,904,Inyo
37.43171,-118.59335,"115 Ocean View Ave, Bishop",37026,864883,864883,0,-2595,Inyo
36.80545,-118.2019,"417 N Edwards St, Independence",6500,229500,316130,1022,74,Inyo
37.37124,-118.4013,"670 Sycamore Dr, Bishop",11500,499885,605747,1249,-568,Inyo
36.80428,-118.20191,"151 West Main St, Independence",12000,366116,366116,0,-1098,Inyo
36.8043,-118.20168,"139 W Main St, Independence",5350,43313,316130,3219,2271,Inyo
36.80449,-118.2018,"341 N Mary St, Independence",2150,208080,316130,1275,327,Inyo
36.8062,-118.20156,"454 N Edwards St, Independence",6500,192163,316130,1463,514,Inyo
36.80608,-118.20149,"446 N Edwards St, Independence",6500,122578,316130,2284,1336,Inyo
36.80617,-118.20089,"435 North Jackson St, Independence",6500,160738,316130,1834,885,Inyo
36.80548,-118.20046,"357 North Jackson St, Independence",6500,208080,316130,1275,327,Inyo
36.80496,-118.20002,"305 N Jackson St, Independence",6500,344892,344892,0,-1035,Inyo
36.80465,-118.2006,"119 E Main St, Independence",6500,46416,316130,3183,2234,Inyo
36.80535,-118.20038,"343 N Jackson St, Independence",6500,208267,316130,1273,324,Inyo
36.8052,-118.20025,"331 N Jackson St, Independence",9750,352763,352763,0,-1058,Inyo
36.80478,-118.20067,"314 N Edwards St, Independence",6500,69889,316130,2906,1957,Inyo
36.80495,-118.20025,"165 E Main St, Independence",9750,400000,400000,0,-1200,Inyo
36.80688,-118.19988,"455 N Clay St, Independence",6500,112354,316130,2405,1456,Inyo
36.80676,-118.19981,"445 N Clay St, Independence",6500,84929,316130,2728,1780,Inyo
36.80633,-118.19954,"245 E Wall St, Independence",13000,165485,316130,1778,829,Inyo
36.80642,-118.20025,"434 N Jackson St, Independence",6500,66300,316130,2948,2000,Inyo
36.80606,-118.20002,"408 N Jackson St, Independence",7410,79303,316130,2795,1846,Inyo
37.41423,-118.54547,"435 Reina Rd, Round Valley",40075,132440,605747,5585,3768,Inyo
37.41371,-118.54548,"425 Reina Rd, Bishop",33976,604257,605747,18,-1800,Inyo
36.80667,-118.2004,"454 N Jackson St, Independence",6500,100061,316130,2550,1601,Inyo
36.80595,-118.1993,"357 N Clay St, Independence",6500,199670,316130,1374,426,Inyo
36.80582,-118.19922,"347 N Clay St, Independence",6500,219300,316130,1143,194,Inyo
36.8057,-118.19915,"335 N Clay St, Independence",5980,82845,316130,2753,1804,Inyo
37.41302,-118.54462,"408 Reina Rd, Round Valley",36154,273019,605747,3926,2109,Inyo
36.8056,-118.19909,"327 N Clay St, Independence",4442,69135,316130,2915,1966,Inyo
36.80549,-118.19967,"334 N Jackson St, Independence",6500,214518,316130,1199,251,Inyo
36.80567,-118.19978,"340 N Jackson St, Independence",13000,231307,316130,1001,53,Inyo
36.80515,-118.19957,"205 E Main St, Independence",7000,239075,316130,909,-39,Inyo
36.80523,-118.19937,"219 E Main St, Independence",6000,260308,316130,659,-290,Inyo
36.80545,-118.19887,"253 E Main St, Independence",7540,163841,316130,1797,849,Inyo
36.80679,-118.19838,"353 E Wall St, Independence",13000,101681,316130,2530,1582,Inyo
36.80683,-118.19905,"424 N Clay St, Independence",13000,86144,316130,2714,1765,Inyo
36.80714,-118.19924,"460 N Clay St, Independence",6500,374280,374280,0,-1123,Inyo
36.80729,-118.19868,"454 N Jewel St, Independence",13000,215291,316130,1190,242,Inyo
37.37124,-118.40096,"664 Sycamore Dr, Bishop",11500,741464,741464,0,-2224,Inyo
36.80632,-118.19797,"354 East Wall St, Independence",9750,312788,316130,39,-909,Inyo
37.37124,-118.40165,"668 Sycamore Dr, Bishop",11507,669892,669892,0,-2010,Inyo
36.80571,-118.19836,"314 N Clay St, Independence",6500,93679,316130,2625,1677,Inyo
37.37169,-118.40105,"665 Sycamore Dr, Bishop",16500,637952,637952,0,-1914,Inyo
36.80607,-118.19859,"344 N Clay St, Independence",6500,275913,316130,475,-474,Inyo
37.37168,-118.40157,"667 Sycamore Dr, Bishop",16566,175202,605747,5080,3263,Inyo
36.8062,-118.19867,"356 N Clay St, Independence",6500,265301,316130,600,-349,Inyo
36.80583,-118.19844,"324 N Clay St, Independence",6500,102982,316130,2515,1567,Inyo
36.80595,-118.19851,"336 N Clay St, Independence",6500,115104,316130,2372,1424,Inyo
37.37244,-118.40161,"669 Maple Ave, Bishop",14878,200974,605747,4776,2959,Inyo
36.80277,-118.20315,"225 N Webster St, Independence",6500,135833,316130,2128,1179,Inyo
36.80232,-118.20351,"329 W Center St, Independence",6500,70427,316130,2899,1951,Inyo
36.80244,-118.20359,"210 N Grant St, Independence",6500,108940,316130,2445,1496,Inyo
37.37244,-118.40119,"667 Maple Ave, Bishop",10967,266823,605747,3999,2182,Inyo
37.37242,-118.40024,"645 Maple Ave, Bishop",15901,337566,605747,3165,1347,Inyo
36.80253,-118.20299,"209 N Webster St, Independence",6500,229132,316130,1027,78,Inyo
36.80311,-118.20336,"300 W Main St, Independence",9750,327373,327373,0,-982,Inyo
36.80293,-118.2039,"354 W Main St, Independence",6500,254815,316130,724,-225,Inyo
37.37202,-118.40023,"646 Maple Ave, Bishop",15900,420740,605747,2183,366,Inyo
36.80262,-118.2037,"230 N Grant St, Independence",13000,343239,343239,0,-1030,Inyo
37.37199,-118.40062,"648 Maple Ave, Bishop",9930,108666,605747,5866,4048,Inyo
36.8019,-118.20261,"125 N Webster St, Independence",13000,326075,326075,0,-978,Inyo
36.80165,-118.20245,"305 W Market St, Independence",13000,221565,316130,1116,167,Inyo
36.80151,-118.20301,"345 W Market St, Independence",19500,316880,316880,0,-951,Inyo
36.80197,-118.2033,"360 W Center St, Independence",9750,172758,316130,1692,743,Inyo
37.37199,-118.40095,"664 Maple Ave, Bishop",10207,238693,605747,4331,2514,Inyo
37.37199,-118.40127,"666 Maple Ave, Bishop",10207,259350,605747,4087,2270,Inyo
37.37198,-118.40164,"668 Maple Ave, Bishop",11884,448398,605747,1857,39,Inyo
36.80324,-118.20198,"223 N Washington St, Independence",6500,60720,316130,3014,2065,Inyo
37.37078,-118.40147,"601 Sierra St, Bishop",44000,197670,605747,4815,2998,Inyo
36.80299,-118.20183,"201 N Washington St, Independence",6500,221870,316130,1112,164,Inyo
36.80278,-118.20235,"200 N Webster St, Independence",6500,94198,316130,2619,1670,Inyo
37.37245,-118.4006,"647 Maple Ave, Bishop",8415,472000,605747,1578,-239,Inyo
36.80291,-118.20243,"220 N Webster St, Independence",6500,52847,316130,3107,2158,Inyo
37.37245,-118.40088,"659 Maple Ave, Bishop",8590,281612,605747,3825,2008,Inyo
36.80303,-118.2025,"230 N Webster St, Independence",6500,177312,316130,1638,690,Inyo
36.80315,-118.20258,"240 N Webster St, Independence",6500,301716,316130,170,-778,Inyo
37.41394,-118.54457,"428 Reina Rd, Round Valley",34412,654694,654694,0,-1964,Inyo
37.37078,-118.40101,"583 Sierra St, Bishop",14666,38297,605747,6696,4879,Inyo
37.41434,-118.54473,"438 Reina Rd, Round Valley",34412,474467,605747,1549,-268,Inyo
36.8034,-118.20273,"260 N Webster St, Independence",6500,416517,416517,0,-1250,Inyo
37.41409,-118.54399,"445 Vista Verde Rd, Round Valley",36154,511484,605747,1112,-705,Inyo
37.37078,-118.40078,"557 Sierra St, Bishop",14666,38296,605747,6696,4879,Inyo
36.80202,-118.20173,"237 W Market St, Independence",7500,227991,316130,1040,92,Inyo
36.80194,-118.20193,"253 W Market St, Independence",12000,130131,316130,2195,1246,Inyo
37.37078,-118.40055,"543 Sierra St, Bishop",14666,340000,605747,3136,1319,Inyo
37.41305,-118.54395,"425 Vista Verde Rd, Round Valley",32670,439079,605747,1967,149,Inyo
36.80246,-118.20215,"160 N Webster St, Independence",6500,122027,316130,2290,1342,Inyo
37.41305,-118.54316,"438 Vista Verde Rd, Bishop",31798,668297,668297,0,-2005,Inyo
36.80234,-118.20208,"150 N Webster St, Independence",6500,143125,316130,2041,1093,Inyo
37.41353,-118.54315,"448 Vista Verde Rd, Round Valley",31798,317593,605747,3400,1583,Inyo
37.41408,-118.54308,"458 Vista Verde Rd, Bishop",36154,795905,795905,0,-2388,Inyo
36.80222,-118.202,"140 N Webster St, Independence",6500,109715,316130,2436,1487,Inyo
37.41432,-118.54353,"468 Vista Verde Rd, Bishop",34412,425623,605747,2125,308,Inyo
37.41429,-118.54247,"464 Arboles Dr, Bishop",32670,567970,605747,446,-1371,Inyo
37.41387,-118.54247,"474 Arboles Dr, Bishop",32670,537163,605747,809,-1008,Inyo
36.80237,-118.20144,"133 N Washington St, Independence",13000,166464,316130,1766,818,Inyo
37.41344,-118.54248,"484 Arboles Dr, Round Valley",32670,339391,605747,3143,1326,Inyo
36.80212,-118.20129,"205 W Market St, Independence",13000,194528,316130,1435,487,Inyo
36.80401,-118.20101,"251 N Edwards St, Independence",13000,258459,316130,681,-268,Inyo
37.41233,-118.5416,"493 Arboles Dr, Round Valley",33541,394592,605747,2492,674,Inyo
36.80387,-118.20157,"256 N Washington St, Independence",6500,178599,316130,1623,674,Inyo
37.41281,-118.5416,"483 Arboles Dr, Round Valley",33105,424699,605747,2136,319,Inyo
37.41329,-118.54159,"473 Arboles Dr, Bishop",33105,776803,776803,0,-2330,Inyo
37.41377,-118.54158,"463 Arboles Dr, Bishop",33105,750000,750000,0,-2250,Inyo
37.41425,-118.54157,"453 Arboles Dr, Bishop",33105,536653,605747,815,-1002,Inyo
37.41237,-118.54434,"430 Mesa Vista Dr, Bishop",35283,801019,801019,0,-2403,Inyo
36.80328,-118.20121,"210 N Washington St, Independence",9750,103117,316130,2514,1565,Inyo
37.41236,-118.5431,"450 Mesa Vista Dr, Round Valley",36154,639949,639949,0,-1920,Inyo
36.80238,-118.20065,"153 W Market St, Independence",13000,382500,382500,0,-1148,Inyo
37.41236,-118.54247,"460 Mesa Vista Dr, Bishop",37461,766759,766759,0,-2300,Inyo
36.80283,-118.20105,"152 N Washington St, Independence",6800,41637,316130,3239,2291,Inyo
37.41211,-118.54577,"410 Mesa Vista Dr, Round Valley",24393,282569,605747,3813,1996,Inyo
37.41219,-118.54516,"420 Mesa Vista Dr, Bishop",32234,451964,605747,1815,-3,Inyo
36.80464,-118.1985,"233 North Clay St, Independence",6500,249431,316130,787,-161,Inyo
37.41549,-118.54548,"403 Arboles Dr, Round Valley",35283,175689,605747,5075,3257,Inyo
37.41549,-118.54488,"409 Arboles Dr, Round Valley",34848,243374,605747,4276,2459,Inyo
36.80451,-118.19842,"223 N Clay St, Independence",6500,64770,316130,2966,2018,Inyo
37.41549,-118.54428,"413 Arboles Dr, Round Valley",34848,431709,605747,2054,236,Inyo
37.41549,-118.54368,"419 Arboles Dr, Bishop",34848,696814,696814,0,-2090,Inyo
36.80424,-118.1989,"210 N Jackson St, Independence",13000,146642,316130,2000,1052,Inyo
37.41548,-118.54308,"423 Arboles Dr, Round Valley",34848,489018,605747,1377,-440,Inyo
36.80499,-118.19871,"250 E Main St, Independence",8800,60593,316130,3015,2067,Inyo
37.41549,-118.54248,"429 Arboles Dr, Bishop",33105,519950,605747,1012,-805,Inyo
37.41554,-118.54183,"433 Arboles Dr, Bishop",35283,867000,867000,0,-2601,Inyo
36.8048,-118.19861,"243 N Clay St, Independence",10700,223439,316130,1094,145,Inyo
37.36875,-118.40444,"782 Pivot Place, Bishop",9742,706186,706186,0,-2119,Inyo
37.41525,-118.54149,"437 Arboles Dr, Round Valley",34412,247670,605747,4225,2408,Inyo
36.8048,-118.19925,"254 N Jackson St, Independence",6500,281868,316130,404,-544,Inyo
37.41472,-118.54155,"443 Arboles Dr, Bishop",32234,765000,765000,0,-2295,Inyo
37.36892,-118.40451,"794 Pivot Place, Bishop",6863,786959,786959,0,-2361,Inyo
37.41479,-118.54548,"404 Arboles Dr, Round Valley",34848,477946,605747,1508,-309,Inyo
37.41479,-118.54487,"416 Arboles Dr, Round Valley",34848,466279,605747,1646,-172,Inyo
37.41478,-118.54364,"434 Arboles Dr, Bishop",34848,779987,779987,0,-2340,Inyo
36.80454,-118.19989,"257 N Jackson St, Independence",6500,159805,316130,1845,896,Inyo
37.3692,-118.40412,"771 Pivot Place, Bishop",6531,505989,605747,1177,-640,Inyo
37.41478,-118.54302,"438 Arboles Dr, Bishop",34848,629761,629761,0,-1889,Inyo
37.3692,-118.40394,"763 Pivot Place, Bishop",6476,505641,605747,1181,-636,Inyo
37.41192,-118.54276,"504 Arboles Dr, Bishop",43124,591549,605747,168,-1650,Inyo
36.80423,-118.1997,"229 N Jackson St, Independence",13000,308731,316130,87,-861,Inyo
37.40887,-118.5455,"224 Mill Creek Rd, Bishop",21344,270435,605747,3957,2139,Inyo
36.80442,-118.19981,"237 N Jackson St, Independence",6500,333428,333428,0,-1000,Inyo
37.4086,-118.5455,"220 Mill Creek Rd, Round Valley",22215,327837,605747,3279,1462,Inyo
36.80383,-118.198,"133 N Clay St, Independence",6500,170999,316130,1713,764,Inyo
37.3692,-118.40377,"755 Pivot Place, Bishop",6642,506685,605747,1169,-648,Inyo
36.80405,-118.19801,"149 N Clay St, Independence",6500,301611,316130,171,-777,Inyo
36.8037,-118.19792,"123 N Clay St, Independence",6500,98440,316130,2569,1620,Inyo
36.80346,-118.19777,"103 N Clay St, Independence",6500,185688,316130,1539,591,Inyo
37.41107,-118.54325,"508 Arboles Dr, Round Valley",232174,792735,792735,0,-2378,Inyo
36.80349,-118.19844,"132 N Jackson St, Independence",6500,200645,316130,1363,414,Inyo
36.80381,-118.19863,"204 E Center St, Independence",12350,270610,316130,537,-411,Inyo
37.41547,-118.54674,"360 Arboles Dr, Round Valley",47916,226775,605747,4472,2655,Inyo
37.41502,-118.54716,"335 Arboles Dr, Round Valley",32234,547099,605747,692,-1125,Inyo
37.4156,-118.548,"356 Aliso Cir, Bishop",35283,519353,605747,1019,-798,Inyo
37.41534,-118.54844,"351 Aliso Cir, Round Valley",27007,286029,605747,3773,1955,Inyo
37.41432,-118.54852,"315 Arboles Dr, Bishop",37461,576300,605747,347,-1470,Inyo
37.41529,-118.54899,"370 Majorca Cir, Round Valley",41817,679800,679800,0,-2039,Inyo
37.41532,-118.55003,"355 Majorca Cir, Round Valley",30492,382685,605747,2632,815,Inyo
37.41432,-118.54956,"325 Majorca Cir, Bishop",36154,877200,877200,0,-2632,Inyo
37.4139,-118.54916,"295 Arboles Dr, Bishop",38768,915450,915450,0,-2746,Inyo
37.4149,-118.54999,"345 Majorca Cir, Bishop",23522,507250,605747,1162,-655,Inyo
37.41475,-118.54808,"323 Aliso Cir, Bishop",64904,251968,605747,4175,2357,Inyo
36.80206,-118.19835,"137 E Kearsarge St, Independence",6500,93636,316130,2625,1677,Inyo
37.41477,-118.5462,"348 Arboles Dr, Round Valley",37461,399983,605747,2428,611,Inyo
37.41411,-118.54736,"502 Avenida Del Monte, Round Valley",39975,256962,605747,4116,2298,Inyo
37.41335,-118.54864,"308 Arboles Dr, Round Valley",38768,165308,605747,5197,3380,Inyo
37.41316,-118.54803,"245 Avenida Del Monte, Round Valley",50529,690540,690540,0,-2072,Inyo
37.41288,-118.54776,"235 Avenida Del Monte, Round Valley",50529,94241,605747,6036,4219,Inyo
37.41273,-118.54722,"225 Avenida Del Monte, Bishop",31363,151315,605747,5362,3545,Inyo
37.41233,-118.54686,"205 Avenida Del Monte, Bishop",40075,689982,689982,0,-2070,Inyo
37.41395,-118.54652,"234 Avenida Del Monte, Round Valley",118483,721133,721133,0,-2163,Inyo
37.41183,-118.54719,"157 Mesa Vista Dr, Bishop",58370,226376,605747,4477,2659,Inyo
37.41143,-118.54767,"147 Mesa Vista Dr, Bishop",57063,783772,783772,0,-2351,Inyo
37.40952,-118.5468,"284 Mill Creek Rd, Round Valley",20908,161930,605747,5237,3420,Inyo
37.4093,-118.54659,"280 Mill Creek Rd, Round Valley",20908,401580,605747,2409,592,Inyo
37.41047,-118.54756,"106 Mesa Vista Dr, Round Valley",32160,486684,605747,1405,-412,Inyo
37.41132,-118.54628,"140 Mesa Vista Dr, Bishop",50529,651404,651404,0,-1954,Inyo
37.41046,-118.54685,"110 Mesa Vista Dr, Round Valley",43560,370358,605747,2778,960,Inyo
37.40994,-118.54626,"120 Mesa Vista Dr, Round Valley",86684,794367,794367,0,-2383,Inyo
37.41182,-118.53881,"617 Houston Dr, Round Valley",22215,531760,605747,873,-944,Inyo
37.41182,-118.53806,"621 Houston Dr, Bishop",21780,469233,605747,1611,-206,Inyo
37.4109,-118.53796,"620 Houston Dr, Bishop",20908,585898,605747,234,-1583,Inyo
37.40877,-118.53713,"645 Houston Dr, Bishop",22215,558007,605747,563,-1254,Inyo
37.36979,-118.40137,"829 Chamberlain St, Bishop",5495,516745,605747,1050,-767,Inyo
37.36992,-118.40198,"852 Home St, Bishop",12617,61233,605747,6425,4608,Inyo
37.37023,-118.40199,"896 Home St, Bishop",9260,440000,605747,1956,139,Inyo
37.36963,-118.40138,"601 W Yaney St, Bishop",5775,246888,605747,4235,2417,Inyo
37.36971,-118.40163,"645 W Yaney St, Bishop",5224,129315,605747,5622,3805,Inyo
37.37007,-118.40146,"861 Chamberlain St, Bishop",9300,245269,605747,4254,2436,Inyo
37.36993,-118.40145,"851 Chamberlain St, Bishop",7050,183471,605747,4983,3166,Inyo
36.80151,-118.19398,"320 Rosedale Dr, Independence",8463,280500,316130,420,-528,Inyo
37.36994,-118.40022,"851 Coats St, Bishop",24637,400327,605747,2424,607,Inyo
37.36994,-118.40073,"840 Chamberlain St, Bishop",8137,220250,605747,4549,2732,Inyo
37.36979,-118.40073,"830 Chamberlain St, Bishop",8250,412457,605747,2281,464,Inyo
37.37016,-118.40086,"850 Chamberlain St, Bishop",8250,332367,605747,3226,1409,Inyo
37.37016,-118.40061,"544 Sierra St, Bishop",8250,236384,605747,4358,2541,Inyo
37.36995,-118.39898,"851 Lee St, Bishop",8137,611898,611898,0,-1836,Inyo
36.79974,-118.20126,"305 W Payne St, Independence",7800,138231,316130,2099,1151,Inyo
36.79971,-118.20181,"329 W Payne St, Independence",17875,187207,316130,1521,573,Inyo
37.36979,-118.39897,"829 Lee St, Bishop",8250,520148,605747,1010,-807,Inyo
36.79998,-118.20141,"235 S Webster St, Independence",5850,130560,316130,2190,1241,Inyo
37.36964,-118.39897,"801 Lee St, Bishop",8250,268099,605747,3984,2167,Inyo
36.79986,-118.20134,"245 S Webster St, Independence",5850,149265,316130,1969,1021,Inyo
37.37024,-118.3995,"498 Sierra St, Bishop",8250,422607,605747,2161,344,Inyo
36.80147,-118.20009,"149 W Kearsarge St, Independence",16250,204391,316130,1319,370,Inyo
36.80197,-118.20028,"140 W Market St, Independence",6800,121111,316130,2301,1353,Inyo
37.37017,-118.39911,"410 Sierra St, Bishop",7923,120391,605747,5727,3910,Inyo
37.37017,-118.39885,"895 Lee St, Bishop",8561,468180,605747,1623,-194,Inyo
37.37018,-118.39777,"873 Crosby St, Bishop",15400,727882,727882,0,-2184,Inyo
37.36995,-118.39777,"851 Crosby St, Bishop",7595,185062,605747,4964,3147,Inyo
37.36965,-118.39827,"389 W Yaney St, Bishop",8250,259496,605747,4086,2269,Inyo
36.80069,-118.1996,"234 S Washington St, Independence",6500,303079,316130,154,-794,Inyo
37.3698,-118.39827,"830 Lee St, Bishop",8250,238746,605747,4331,2513,Inyo
36.80097,-118.19987,"154 W Kearsarge St, Independence",8000,229738,316130,1019,71,Inyo
37.36995,-118.39827,"852 Lee St, Bishop",8132,228159,605747,4456,2638,Inyo
36.80085,-118.19967,"225 S Mary St, Independence",8500,213076,316130,1216,268,Inyo
36.8011,-118.1997,"134 W Kearsarge St, Independence",3000,59233,316130,3031,2083,Inyo
37.37018,-118.39813,"394 Sierra St, Bishop",7160,405159,605747,2367,550,Inyo
36.80103,-118.19916,"227 S Edwards St, Independence",6500,110116,316130,2431,1483,Inyo
37.3698,-118.39777,"839 Crosby St, Bishop",7700,602912,605747,33,-1784,Inyo
36.80078,-118.19901,"249 S Edwards St, Independence",19500,215517,316130,1187,239,Inyo
37.36965,-118.39777,"807 Crosby St, Bishop",7700,220125,605747,4550,2733,Inyo
37.36904,-118.39872,"402 W Yaney St, Bishop",11724,133958,605747,5567,3750,Inyo
36.80047,-118.19959,"250 S Washington St, Independence",6506,242463,316130,869,-79,Inyo
36.80055,-118.19939,"131 W Payne St, Independence",6493,214120,316130,1204,255,Inyo
37.36905,-118.39762,"344 West Yaney St, Bishop",36011,867778,867778,0,-2603,Inyo
37.36905,-118.39695,"222 W Yaney St, Bishop",27055,436369,605747,1999,181,Inyo
36.79975,-118.19982,"315 S Washington St, Independence",6500,392699,392699,0,-1178,Inyo
36.79929,-118.20019,"330 S Webster St, Independence",6500,188392,316130,1507,559,Inyo
36.79917,-118.20011,"340 S Webster St, Independence",6500,243717,316130,854,-94,Inyo
36.79905,-118.20003,"354 S Webster St, Independence",6500,226779,316130,1054,106,Inyo
36.79956,-118.1997,"327 S Washington St, Independence",13000,387340,387340,0,-1162,Inyo
37.37168,-118.39437,"151 Mac Iver St, Bishop",15100,333387,605747,3214,1397,Inyo
36.79932,-118.19955,"347 S Washington St, Independence",13000,443285,443285,0,-1330,Inyo
37.40722,-118.54442,"110 Mill Creek Rd, Round Valley",30056,486540,605747,1407,-411,Inyo
37.40702,-118.54396,"92 Mill Creek Rd, Round Valley",28314,79984,605747,6204,4387,Inyo
37.36932,-118.39283,"218 E Yaney St, Bishop",11200,235040,605747,4374,2557,Inyo
37.36914,-118.38648,"495 E Yaney St, Bishop",7804,225492,605747,4487,2670,Inyo
37.36914,-118.38689,"477 E Yaney St, Bishop",6352,126845,605747,5651,3834,Inyo
37.36884,-118.38801,"406 E Yaney St, Bishop",2662,169005,605747,5154,3336,Inyo
37.36884,-118.38786,"412 E Yaney St, Bishop",2812,134354,605747,5562,3745,Inyo
37.36885,-118.38758,"418 E Yaney St, Bishop",7330,257502,605747,4109,2292,Inyo
37.36886,-118.38641,"496 E Yaney St, Bishop",8691,190048,605747,4905,3088,Inyo
37.36885,-118.38725,"440 E Yaney St, Bishop",4367,348341,605747,3037,1220,Inyo
37.36886,-118.38678,"468 E Yaney St, Bishop",4629,177429,605747,5054,3237,Inyo
37.35961,-118.40422,"304 Sunland Dr, Bishop",17000,777150,777150,0,-2331,Inyo
37.35873,-118.40421,"312 Sunland Dr, Bishop",18046,690694,690694,0,-2072,Inyo
37.35901,-118.40421,"310 Sunland Dr, Bishop",21535,205473,605747,4723,2906,Inyo
37.3592,-118.40356,"306 Sunland Dr, Bishop",132422,815730,815730,0,-2447,Inyo
37.35723,-118.39883,"417 Mandich St, Bishop",9937,196362,605747,4831,3013,Inyo
37.42688,-118.40873,"371 Fish Slough Rd, Bishop",25700,373692,605747,2738,921,Inyo
37.39,-118.42061,"2488 Dixon Ln, Bishop",21252,307037,605747,3525,1708,Inyo
37.39001,-118.41934,"2464 Dixon Ln, Bishop",20908,235898,605747,4364,2547,Inyo
37.35926,-118.35675,"2096 Van Loon Ln, Bishop",6500,169553,605747,5147,3330,Inyo
37.38946,-118.41885,"1847 Ln Saniger, Bishop",15692,257510,605747,4109,2292,Inyo
37.35899,-118.35735,"2078 Van Loon Ln, Bishop",6796,164331,605747,5209,3391,Inyo
37.35899,-118.35718,"2084 Van Loon Ln, Bishop",6500,340226,605747,3133,1316,Inyo
37.35899,-118.35752,"2072 Van Loon Ln, Bishop",6500,143700,605747,5452,3635,Inyo
37.35954,-118.35686,"2095 Van Loon Ln, Bishop",22564,282886,605747,3810,1993,Inyo
37.38938,-118.41949,"2435 West St, Bishop",43547,58735,605747,6455,4637,Inyo
37.38918,-118.42219,"2541 West St, Bishop",11500,62830,605747,6406,4589,Inyo
37.38984,-118.42205,"2536 Dixon Ln, Bishop",18730,245363,605747,4253,2435,Inyo
37.38956,-118.42205,"2532 Dixon Ln, Bishop",18730,435062,605747,2014,197,Inyo
37.38926,-118.42194,"2533 West St, Bishop",15420,95923,605747,6016,4199,Inyo
37.38925,-118.42029,"2469 West St, Bishop",14051,397261,605747,2460,643,Inyo
37.38981,-118.42093,"2506 Dixon Ln, Bishop",8750,284452,605747,3791,1974,Inyo
37.38936,-118.42093,"2503 West St, Bishop",21773,526132,605747,939,-878,Inyo
37.39,-118.42125,"2516 Dixon Ln, Bishop",21773,337108,605747,3170,1353,Inyo
37.39001,-118.42269,"2568 Dixon Ln, Bishop",39333,668504,668504,0,-2006,Inyo
37.35899,-118.35818,"2006 Van Loon Ln, Bishop",8450,369864,605747,2783,966,Inyo
37.38943,-118.42267,"2561 West St, Bishop",39334,96484,605747,6009,4192,Inyo
37.38876,-118.42275,"2566 West St, Bishop",39332,338089,605747,3158,1341,Inyo
37.35899,-118.35797,"2054 Van Loon Ln, Bishop",7800,104225,605747,5918,4101,Inyo
37.38952,-118.42124,"2507 Rose Ln, Bishop",10175,462323,605747,1692,-125,Inyo
37.38867,-118.42204,"2546 West St, Bishop",33797,126296,605747,5658,3840,Inyo
37.38868,-118.4196,"2444 West St, Bishop",16331,170546,605747,5135,3318,Inyo
37.3881,-118.42139,"2514 West St, Bishop",39593,90825,605747,6076,4259,Inyo
37.38865,-118.42157,"2524 West St, Bishop",17042,613992,613992,0,-1842,Inyo
37.38865,-118.42125,"2508 West St, Bishop",20192,348051,605747,3041,1224,Inyo
37.38874,-118.41931,"2432 West St, Bishop",9920,248277,605747,4218,2401,Inyo
37.38817,-118.4199,"2448 West St, Bishop",25296,179341,605747,5032,3214,Inyo
37.3761,-118.41409,"2203 N Sierra Hwy, Bishop",8733,160488,605747,5254,3437,Inyo
36.79964,-118.20028,"200 W Payne St, Independence",6500,250317,316130,777,-172,Inyo
36.79949,-118.20037,"320 S Webster St, Independence",13000,112321,316130,2405,1457,Inyo
36.79951,-118.19887,"131 West Pavilion St, Independence",6500,244080,316130,850,-98,Inyo
36.80009,-118.19858,"325 S Edwards St, Independence",6500,156671,316130,1882,933,Inyo
36.79997,-118.1985,"333 S Edwards St, Independence",6500,113776,316130,2388,1439,Inyo
36.79988,-118.1991,"322 S Washington St, Independence",6500,67624,316130,2932,1984,Inyo
36.8,-118.19918,"312 S Washington St, Independence",6500,166521,316130,1765,817,Inyo
36.79972,-118.19835,"353 S Edwards St, Independence",6500,79656,316130,2790,1842,Inyo
36.7991,-118.19796,"435 S Edwards St, Independence",13000,149953,316130,1961,1012,Inyo
36.79889,-118.19848,"430 South Washington St, Independence",13000,349131,349131,0,-1047,Inyo
36.79913,-118.19863,"140 W Pavilion St, Independence",13000,330759,330759,0,-992,Inyo
36.79864,-118.19833,"454 S Washington St, Independence",13000,217001,316130,1170,221,Inyo
36.79879,-118.19777,"455 S Edwards St, Independence",6500,104529,316130,2497,1549,Inyo
36.8022,-118.19699,"205 S Clay St, Independence",6500,278184,316130,448,-501,Inyo
36.80208,-118.19691,"215 S Clay St, Independence",6500,164539,316130,1789,840,Inyo
37.43126,-118.5915,"2551 N Round Valley Rd, Round Valley",46609,275223,605747,3900,2083,Inyo
36.80196,-118.19684,"223 S Clay St, Independence",6500,345780,345780,0,-1037,Inyo
37.4309,-118.59374,"150 Hardy Rd, Bishop",30492,1045602,1045602,0,-3137,Inyo
36.80163,-118.19728,"230 South Jackson St, Independence",6500,248958,316130,793,-156,Inyo
36.80175,-118.19736,"222 S Jackson St, Independence",6500,129978,316130,2197,1248,Inyo
37.43078,-118.59341,"130 Hardy Rd, Bishop",35283,994500,994500,0,-2984,Inyo
36.80171,-118.19669,"241 S Clay St, Independence",6500,233465,316130,975,27,Inyo
36.80183,-118.19676,"229 S Clay St, Independence",6500,169147,316130,1734,786,Inyo
36.80138,-118.19713,"250 South Jackson St, Independence",6350,316413,316413,0,-949,Inyo
36.80193,-118.19747,"200 E Kearsarge St, Independence",13000,476770,476770,0,-1430,Inyo
36.80174,-118.19815,"207 S Jackson St, Independence",6500,193188,316130,1451,502,Inyo
36.80163,-118.19808,"215 S Jackson St, Independence",5200,80285,316130,2783,1835,Inyo
36.80114,-118.19792,"137 E Payne St, Independence",5600,289960,316130,309,-640,Inyo
36.80128,-118.19852,"222 S Edwards St, Independence",6500,135160,316130,2135,1187,Inyo
36.80141,-118.19859,"216 S Edwards St, Independence",6500,132812,316130,2163,1215,Inyo
36.8015,-118.19801,"223 S Jackson St, Independence",7800,104324,316130,2499,1551,Inyo
36.8009,-118.19618,"337 S Clay St, Independence",6500,125592,316130,2248,1300,Inyo
36.80115,-118.19633,"315 S Clay St, Independence",19500,121689,316130,2294,1346,Inyo
37.40124,-118.34724,"159 Railroad St, Bishop",5000,65102,605747,6380,4562,Inyo
37.40098,-118.3476,"121 First St, Bishop",5000,71424,605747,6305,4488,Inyo
36.7996,-118.19747,"414 S Edwards St, Independence",13000,82848,316130,2753,1804,Inyo
36.79846,-118.19761,"507 S Edwards St, Independence",6599,33173,316130,3339,2391,Inyo
36.79753,-118.19612,"634 S Edwards St, Independence",22365,227559,316130,1045,97,Inyo
36.79783,-118.19634,"610 S Edwards St, Independence",16200,232110,316130,991,43,Inyo
36.80378,-118.19728,"301 E Market St, Independence",7840,332418,332418,0,-997,Inyo
36.804,-118.19673,"331 E Market St, Independence",7800,185430,316130,1542,594,Inyo
36.80407,-118.19655,"341 E Market St, Independence",7800,103127,316130,2513,1565,Inyo
36.80415,-118.19636,"351 E Market St, Independence",7800,152175,316130,1935,986,Inyo
36.80423,-118.19617,"361 E Market St, Independence",9100,161745,316130,1822,873,Inyo
36.80431,-118.19595,"371 E Market St, Independence",9100,106198,316130,2477,1529,Inyo
36.8044,-118.19574,"381 E Market St, Independence",9100,123935,316130,2268,1320,Inyo
36.80389,-118.19701,"311 E Market St, Independence",15600,302137,316130,165,-783,Inyo
36.80479,-118.1977,"210 N Clay St, Independence",45738,147150,316130,1994,1046,Inyo
37.16818,-118.29374,"310 N School St, Big Pine",13400,477211,477211,0,-1432,Inyo
37.16957,-118.28832,"220 Poplar Ave, Big Pine",6875,189999,605747,4906,3089,Inyo
37.16918,-118.28866,"201 Center St, Big Pine",6875,197019,605747,4823,3006,Inyo
37.16956,-118.28866,"430 N Pine St, Big Pine",6875,133858,605747,5568,3751,Inyo
37.16944,-118.28896,"431 Pine St, Big Pine",3750,216949,431538,2532,1238,Inyo
37.16964,-118.28897,"451 N Pine St, Big Pine",3750,166541,431538,3127,1832,Inyo
37.16868,-118.2881,"230 Center St, Big Pine",10313,347784,431538,988,-306,Inyo
37.16868,-118.28784,"250 Center St, Big Pine",10313,246037,431538,2189,894,Inyo
37.16867,-118.28831,"220 Center St, Big Pine",6875,291495,431538,1653,358,Inyo
37.16868,-118.28763,"258 Center St, Big Pine",6875,276015,431538,1835,541,Inyo
37.1683,-118.2878,"251 Locust St, Big Pine",6875,280088,431538,1787,492,Inyo
37.16745,-118.28846,"201 Home St, Big Pine",13750,210819,605747,4660,2843,Inyo
37.16775,-118.28865,"200 Locust St, Big Pine",6875,264025,431538,1977,682,Inyo
37.16776,-118.28745,"266 Locust St, Big Pine",6875,211943,431538,2591,1297,Inyo
37.16776,-118.28762,"260 Locust St, Big Pine",6875,200584,431538,2725,1431,Inyo
37.16775,-118.28839,"220 Locust St, Big Pine",13750,413302,431538,215,-1079,Inyo
37.37672,-118.4182,"1443 Shelly Creek Rd, Bishop",12632,424418,605747,2140,322,Inyo
37.3764,-118.41814,"1445 Shelly Creek Rd, Bishop",12632,469133,605747,1612,-205,Inyo
37.37708,-118.41798,"1441 Shelly Creek Rd, Bishop",32670,232112,605747,4409,2592,Inyo
37.37681,-118.41758,"1444 Shelly Creek Rd, Bishop",25700,828057,828057,0,-2484,Inyo
37.37756,-118.41989,"1397 Rowan Ln, Bishop",44866,76473,605747,6245,4428,Inyo
37.37941,-118.4216,"1457 Lazy A Dr, Bishop",8265,407905,605747,2335,517,Inyo
37.37924,-118.42159,"1451 Lazy A Dr, Bishop",8348,493356,605747,1326,-491,Inyo
37.37907,-118.42158,"1445 Lazy A Dr, Bishop",8363,64978,605747,6381,4564,Inyo
37.3789,-118.42157,"1439 Lazy A Dr, Bishop",8336,251632,605747,4179,2361,Inyo
37.37873,-118.42157,"1433 Lazy A Dr, Bishop",8239,376386,605747,2706,889,Inyo
37.37856,-118.42156,"1427 Lazy A Dr, Bishop",7920,372993,605747,2746,929,Inyo
37.37839,-118.42156,"1421 Lazy A Dr, Bishop",7978,514685,605747,1075,-743,Inyo
37.37822,-118.42156,"1415 Lazy A Dr, Bishop",7989,137541,605747,5525,3708,Inyo
37.37805,-118.42156,"1409 Lazy A Dr, Bishop",8504,268615,605747,3978,2161,Inyo
37.37788,-118.42154,"1403 Lazy A Dr, Bishop",9200,374307,605747,2731,914,Inyo
37.37939,-118.42203,"1452 Bear Creek Dr, Bishop",7923,580743,605747,295,-1522,Inyo
37.3792,-118.42202,"1446 Bear Creek Dr, Bishop",8053,459712,605747,1723,-94,Inyo
37.37901,-118.42201,"1440 Bear Creek Dr, Bishop",8235,546521,605747,699,-1118,Inyo
37.37882,-118.42201,"1434 Bear Creek Dr, Bishop",8430,351841,605747,2996,1179,Inyo
37.37862,-118.422,"1428 Bear Creek Dr, Bishop",8570,433442,605747,2033,216,Inyo
37.37842,-118.422,"1422 Bear Creek Dr, Bishop",8610,536654,605747,815,-1002,Inyo
37.37823,-118.422,"1416 Bear Creek Dr, Bishop",8712,443747,605747,1912,94,Inyo
37.37803,-118.422,"1410 Bear Creek Dr, Bishop",8712,233567,605747,4392,2574,Inyo
37.37783,-118.42201,"1404 Bear Creek Dr, Bishop",10019,263211,605747,4042,2225,Inyo
37.37941,-118.42094,"1450 Lazy A Dr, Bishop",8082,170324,605747,5138,3321,Inyo
37.37924,-118.42093,"1444 Lazy A Dr, Bishop",8001,288072,605747,3749,1931,Inyo
37.37907,-118.42092,"1438 Lazy A Dr, Bishop",7980,378154,605747,2686,868,Inyo
37.3789,-118.42091,"1432 Lazy A Dr, Bishop",8017,158523,605747,5277,3460,Inyo
37.37873,-118.42091,"1426 Lazy A Dr, Bishop",8114,66232,605747,6366,4549,Inyo
37.37856,-118.4209,"1420 Lazy A Dr, Bishop",8580,327056,605747,3289,1471,Inyo
37.37838,-118.4209,"1414 Lazy A Dr, Bishop",8616,338084,605747,3158,1341,Inyo
37.3782,-118.42091,"1408 Lazy A Dr, Bishop",8265,523895,605747,966,-851,Inyo
37.37803,-118.42088,"2499 Bar L Ln, Bishop",7670,359818,605747,2902,1085,Inyo
37.37814,-118.42046,"1407 Rocking W Dr, Bishop",13440,693600,693600,0,-2081,Inyo
37.37838,-118.42044,"1413 Rocking W Dr, Bishop",8600,530603,605747,887,-931,Inyo
37.37856,-118.42045,"1419 Rocking W Dr, Bishop",8580,219048,605747,4563,2746,Inyo
37.37874,-118.42045,"1425 Rocking W Dr, Bishop",8655,470000,605747,1602,-215,Inyo
37.37892,-118.42046,"1431 Rocking W Dr, Bishop",8757,320279,605747,3369,1551,Inyo
37.3791,-118.42047,"1437 Rocking W Dr, Bishop",8790,398234,605747,2449,631,Inyo
37.37928,-118.42048,"1443 Rocking W Dr, Bishop",8754,231037,605747,4422,2604,Inyo
37.37945,-118.4205,"1449 Rocking W Dr, Bishop",8649,573687,605747,378,-1439,Inyo
37.37945,-118.41983,"1448 Rocking W Dr, Bishop",8857,99415,605747,5975,4157,Inyo
37.37927,-118.41982,"1442 Rocking W Dr, Bishop",8584,449551,605747,1843,26,Inyo
37.3791,-118.41981,"1436 Rocking W Dr, Bishop",8360,530603,605747,887,-931,Inyo
37.37892,-118.4198,"1430 Rocking W Dr, Bishop",8226,344122,605747,3087,1270,Inyo
37.37874,-118.4198,"1424 Rocking W Dr, Bishop",8174,565000,605747,481,-1336,Inyo
37.37856,-118.4198,"1418 Rocking W Dr, Bishop",8157,239036,605747,4327,2510,Inyo
37.37838,-118.4198,"1412 Rocking W Dr, Bishop",8171,77492,605747,6233,4416,Inyo
37.3782,-118.4198,"1406 Rocking W Dr, Bishop",8177,137434,605747,5526,3709,Inyo
37.378,-118.41982,"1400 Rocking W Dr, Bishop",10900,381166,605747,2650,833,Inyo
37.37932,-118.42263,"1453 Bear Creek Dr, Bishop",8934,386833,605747,2583,766,Inyo
37.37912,-118.42262,"1447 Bear Creek Dr, Bishop",8980,475131,605747,1541,-276,Inyo
37.37892,-118.42262,"1441 Bear Creek Dr, Bishop",8983,455754,605747,1770,-47,Inyo
37.37872,-118.42262,"1435 Bear Creek Dr, Bishop",8980,290209,605747,3723,1906,Inyo
37.37852,-118.42262,"1429 Bear Creek Dr, Bishop",8979,336244,605747,3180,1363,Inyo
37.37832,-118.42262,"1423 Bear Creek Dr, Bishop",8978,299894,605747,3609,1792,Inyo
37.37813,-118.42262,"1417 Bear Creek Dr, Bishop",8976,244452,605747,4263,2446,Inyo
37.37793,-118.42261,"1411 Bear Creek Dr, Bishop",8974,474088,605747,1554,-264,Inyo
37.37772,-118.42262,"1405 Bear Creek Dr, Bishop",9580,477995,605747,1507,-310,Inyo
37.38128,-118.42163,"1527 Lazy A Dr, Bishop",8072,131661,605747,5594,3777,Inyo
37.38111,-118.42164,"1521 Lazy A Dr, Bishop",8060,223279,605747,4513,2696,Inyo
37.38094,-118.42165,"1515 Lazy A Dr, Bishop",7991,297534,605747,3637,1820,Inyo
37.38077,-118.42166,"1509 Lazy A Dr, Bishop",7991,240854,605747,4306,2488,Inyo
37.3806,-118.42166,"1503 Lazy A Dr, Bishop",8057,317412,605747,3402,1585,Inyo
37.38043,-118.42167,"1493 Lazy A Dr, Bishop",8105,519991,605747,1012,-805,Inyo
37.38026,-118.42166,"1487 Lazy A Dr, Bishop",8057,423719,605747,2148,331,Inyo
37.38009,-118.42165,"1481 Lazy A Dr, Bishop",7971,245292,605747,4253,2436,Inyo
37.37992,-118.42164,"1475 Lazy A Dr, Bishop",7981,358218,605747,2921,1104,Inyo
37.37975,-118.42163,"1469 Lazy A Dr, Bishop",8053,226213,605747,4478,2661,Inyo
37.37958,-118.42162,"1463 Lazy A Dr, Bishop",8140,193743,605747,4862,3044,Inyo
37.38132,-118.42205,"1512 Bear Creek Dr, Bishop",7906,232444,605747,4405,2588,Inyo
37.38112,-118.42206,"1506 Bear Creek Dr, Bishop",7923,491636,605747,1347,-471,Inyo
37.38093,-118.42207,"1500 Bear Creek Dr, Bishop",7962,524089,605747,964,-854,Inyo
37.38074,-118.42208,"1494 Bear Creek Dr, Bishop",7941,443917,605747,1910,92,Inyo
37.38055,-118.42208,"1488 Bear Creek Dr, Bishop",7836,383082,605747,2627,810,Inyo
37.38035,-118.42208,"1482 Bear Creek Dr, Bishop",7375,406114,605747,2356,538,Inyo
37.38016,-118.42207,"1476 Bear Creek Dr, Bishop",7920,232444,605747,4405,2588,Inyo
37.37997,-118.42206,"1470 Bear Creek Dr, Bishop",7958,631417,631417,0,-1894,Inyo
37.37978,-118.42205,"1464 Bear Creek Dr, Bishop",7920,471173,605747,1588,-229,Inyo
37.37959,-118.42204,"1458 Bear Creek Dr, Bishop",7884,268809,605747,3976,2159,Inyo
37.38128,-118.42097,"1526 Lazy A Dr, Bishop",8164,163486,605747,5219,3401,Inyo
37.38111,-118.42098,"1520 Lazy A Dr, Bishop",8316,389373,605747,2553,736,Inyo
37.38094,-118.42099,"1514 Lazy A Dr, Bishop",8370,90104,605747,6085,4267,Inyo
37.38077,-118.421,"1508 Lazy A Dr, Bishop",8364,344951,605747,3077,1260,Inyo
37.38061,-118.421,"1502 Lazy A Dr, Bishop",8297,171946,605747,5119,3302,Inyo
37.38043,-118.421,"1486 Lazy A Dr, Bishop",8250,236127,605747,4362,2544,Inyo
37.38026,-118.421,"1480 Lazy A Dr, Bishop",8297,211545,605747,4652,2834,Inyo
37.38009,-118.42099,"1474 Lazy A Dr, Bishop",8364,282987,605747,3809,1991,Inyo
37.37992,-118.42098,"1468 Lazy A Dr, Bishop",8370,265147,605747,4019,2202,Inyo
37.37975,-118.42097,"1462 Lazy A Dr, Bishop",8308,509691,605747,1133,-684,Inyo
37.37958,-118.42096,"1456 Lazy A Dr, Bishop",8205,352498,605747,2988,1171,Inyo
37.37963,-118.42051,"1455 Rocking W Dr, Bishop",8512,391947,605747,2523,706,Inyo
37.37981,-118.42052,"1461 Rocking W Dr, Bishop",8411,508741,605747,1145,-673,Inyo
37.37999,-118.42053,"1467 Rocking W Dr, Bishop",8379,235453,605747,4369,2552,Inyo
37.38017,-118.42054,"1473 Rocking W Dr, Bishop",8385,561000,605747,528,-1289,Inyo
37.38035,-118.42055,"1479 Rocking W Dr, Bishop",8517,414321,605747,2259,442,Inyo
37.38052,-118.42055,"1501 Rocking W Dr, Bishop",8517,176316,605747,5067,3250,Inyo
37.3807,-118.42055,"1507 Rocking W Dr, Bishop",8414,385723,605747,2596,779,Inyo
37.38088,-118.42054,"1513 Rocking W Dr, Bishop",8379,307720,605747,3517,1699,Inyo
37.38106,-118.42053,"1519 Rocking W Dr, Bishop",8413,402484,605747,2398,581,Inyo
37.38124,-118.42052,"1525 Rocking W Dr, Bishop",8514,318831,605747,3386,1568,Inyo
37.38124,-118.41985,"1524 Rocking W Dr, Bishop",9100,113071,605747,5814,3996,Inyo
37.38106,-118.41985,"1518 Rocking W Dr, Bishop",9449,331916,605747,3231,1414,Inyo
37.38088,-118.41986,"1512 Rocking W Dr, Bishop",9649,239686,605747,4320,2502,Inyo
37.3807,-118.41986,"1506 Rocking W Dr, Bishop",9788,391109,605747,2533,715,Inyo
37.38052,-118.41986,"1500 Rocking W Dr, Bishop",9862,329753,605747,3257,1439,Inyo
37.38034,-118.41986,"1478 Rocking W Dr, Bishop",9857,93086,605747,6049,4232,Inyo
37.38017,-118.41986,"1472 Rocking W Dr, Bishop",9795,445940,605747,1886,68,Inyo
37.37999,-118.41985,"1466 Rocking W Dr, Bishop",9650,175218,605747,5080,3263,Inyo
37.37981,-118.41984,"1460 Rocking W Dr, Bishop",9442,85777,605747,6136,4318,Inyo
37.37963,-118.41984,"1454 Rocking W Dr, Bishop",9165,114255,605747,5800,3982,Inyo
37.38127,-118.42265,"1507 Bear Creek Dr, Bishop",8712,559478,605747,546,-1271,Inyo
37.38107,-118.42265,"1501 Bear Creek Dr, Bishop",8490,590680,605747,178,-1639,Inyo
37.38087,-118.42266,"1495 Bear Creek Dr, Bishop",8276,706233,706233,0,-2119,Inyo
37.38067,-118.42266,"1489 Bear Creek Dr, Bishop",7840,496834,605747,1285,-532,Inyo
37.38031,-118.42266,"1483 Bear Creek Dr, Bishop",7841,520471,605747,1006,-811,Inyo
37.38011,-118.42265,"1477 Bear Creek Dr, Bishop",8119,452624,605747,1807,-10,Inyo
37.37991,-118.42265,"1471 Bear Creek Dr, Bishop",8317,678300,678300,0,-2035,Inyo
37.37971,-118.42264,"1465 Bear Creek Dr, Bishop",8575,336057,605747,3182,1365,Inyo
37.37952,-118.42263,"1459 Bear Creek Dr, Bishop",8803,385055,605747,2604,787,Inyo
37.38291,-118.42173,"2545 Bar M Ln, Bishop",8301,312186,605747,3464,1647,Inyo
37.38291,-118.42152,"2539 Bar M Ln, Bishop",8306,384727,605747,2608,791,Inyo
37.38292,-118.42072,"2489 Bar M Ln, Bishop",9965,594732,605747,130,-1687,Inyo
37.38291,-118.42103,"2497 Bar M Ln, Bishop",13365,204305,605747,4737,2920,Inyo
37.38291,-118.42131,"2511 Bar M Ln, Bishop",9129,504268,605747,1197,-620,Inyo
37.38291,-118.42275,"2569 Bar M Ln, Bishop",9507,479431,605747,1491,-327,Inyo
37.38291,-118.42251,"2563 Bar M Ln, Bishop",9493,465196,605747,1658,-159,Inyo
37.38291,-118.42226,"2557 Bar M Ln, Bishop",9497,595335,605747,123,-1694,Inyo
37.38291,-118.42199,"2551 Bar M Ln, Bishop",19513,546521,605747,699,-1118,Inyo
37.38248,-118.42159,"1569 Lazy A Dr, Bishop",8399,388033,605747,2569,752,Inyo
37.38231,-118.42159,"1563 Lazy A Dr, Bishop",8448,89283,605747,6094,4277,Inyo
37.38213,-118.42159,"1557 Lazy A Dr, Bishop",8239,274323,605747,3911,2094,Inyo
37.38196,-118.4216,"1551 Lazy A Dr, Bishop",8336,136748,605747,5534,3717,Inyo
37.38179,-118.4216,"1545 Lazy A Dr, Bishop",8372,352498,605747,2988,1171,Inyo
37.38162,-118.42161,"1539 Lazy A Dr, Bishop",8348,302326,605747,3580,1763,Inyo
37.38145,-118.42162,"1533 Lazy A Dr, Bishop",8265,232908,605747,4399,2582,Inyo
37.38247,-118.42203,"1548 Bear Creek Dr, Bishop",7667,483571,605747,1442,-376,Inyo
37.38228,-118.42203,"1542 Bear Creek Dr, Bishop",8627,568598,605747,438,-1379,Inyo
37.38209,-118.42203,"1536 Bear Creek Dr, Bishop",8519,683287,683287,0,-2050,Inyo
37.38189,-118.42204,"1530 Bear Creek Dr, Bishop",8312,437701,605747,1983,166,Inyo
37.3817,-118.42204,"1524 Bear Creek Dr, Bishop",8119,707472,707472,0,-2122,Inyo
37.38151,-118.42204,"1518 Bear Creek Dr, Bishop",7973,392721,605747,2514,696,Inyo
37.38248,-118.42093,"1568 Lazy A Dr, Bishop",8400,331338,605747,3238,1421,Inyo
37.38231,-118.42093,"1562 Lazy A Dr, Bishop",8448,379989,605747,2664,847,Inyo
37.38213,-118.42093,"1556 Lazy A Dr, Bishop",8114,205135,605747,4727,2910,Inyo
37.38197,-118.42094,"1550 Lazy A Dr, Bishop",8018,82096,605747,6179,4362,Inyo
37.38179,-118.42094,"1544 Lazy A Dr, Bishop",7980,82096,605747,6179,4362,Inyo
37.38162,-118.42095,"1538 Lazy A Dr, Bishop",7991,476269,605747,1528,-289,Inyo
37.38146,-118.42096,"1532 Lazy A Dr, Bishop",8082,353626,605747,2975,1158,Inyo
37.38142,-118.42051,"1531 Rocking W Dr, Bishop",8651,168865,605747,5155,3338,Inyo
37.3816,-118.4205,"1537 Rocking W Dr, Bishop",8756,470857,605747,1592,-226,Inyo
37.38178,-118.42049,"1543 Rocking W Dr, Bishop",8791,103957,605747,5921,4104,Inyo
37.38195,-118.42048,"1549 Rocking W Dr, Bishop",8220,81237,605747,6189,4372,Inyo
37.38213,-118.42048,"1555 Rocking W Dr, Bishop",8655,324123,605747,3323,1506,Inyo
37.38231,-118.42047,"1561 Rocking W Dr, Bishop",8448,241390,605747,4299,2482,Inyo
37.38249,-118.42048,"1567 Rocking W Dr, Bishop",8399,505493,605747,1183,-634,Inyo
37.38302,-118.41983,"1594 Rocking W Dr, Bishop",8157,134479,605747,5561,3744,Inyo
37.38285,-118.41983,"1578 Rocking W Dr, Bishop",8157,163059,605747,5224,3406,Inyo
37.38267,-118.41983,"1572 Rocking W Dr, Bishop",8157,522716,605747,980,-837,Inyo
37.38249,-118.41983,"1566 Rocking W Dr, Bishop",8157,509173,605747,1140,-678,Inyo
37.38231,-118.41983,"1560 Rocking W Dr, Bishop",8157,325539,605747,3306,1489,Inyo
37.38213,-118.41983,"1554 Rocking W Dr, Bishop",8190,337107,605747,3170,1353,Inyo
37.38195,-118.41983,"1548 Rocking W Dr, Bishop",8245,353969,605747,2971,1154,Inyo
37.38177,-118.41983,"1542 Rocking W Dr, Bishop",8371,82493,605747,6174,4357,Inyo
37.38159,-118.41983,"1536 Rocking W Dr, Bishop",8579,215920,605747,4600,2783,Inyo
37.38142,-118.41984,"1530 Rocking W Dr, Bishop",8792,222068,605747,4527,2710,Inyo
37.38246,-118.42265,"1543 Bear Creek Dr, Bishop",7724,693600,693600,0,-2081,Inyo
37.38226,-118.42265,"1537 Bear Creek Dr, Bishop",8976,293690,605747,3682,1865,Inyo
37.38206,-118.42265,"1531 Bear Creek Dr, Bishop",8974,455754,605747,1770,-47,Inyo
37.38187,-118.42265,"1525 Bear Creek Dr, Bishop",8974,615499,615499,0,-1846,Inyo
37.38167,-118.42265,"1519 Bear Creek Dr, Bishop",8960,480565,605747,1477,-340,Inyo
37.38147,-118.42265,"1513 Bear Creek Dr, Bishop",8893,301761,605747,3587,1770,Inyo
37.38851,-118.41418,"1812 Valley View Dr, Bishop",18295,403685,605747,2384,567,Inyo
37.38826,-118.41418,"1806 Valley View Dr, Bishop",17730,295116,605747,3665,1848,Inyo
37.38801,-118.41418,"1800 Valley View Dr, Bishop",17424,98742,605747,5983,4165,Inyo
37.38904,-118.41418,"1824 Valley View Dr, Bishop",23522,181336,605747,5008,3191,Inyo
37.38823,-118.41526,"2291 Juniper Dr, Bishop",21780,566100,605747,468,-1349,Inyo
37.38822,-118.41712,"2335 Juniper Dr, Bishop",12632,259519,605747,4085,2268,Inyo
37.38879,-118.41622,"1821 Valley View Dr, Bishop",138520,339152,605747,3146,1329,Inyo
37.38815,-118.41486,"1803 Valley View Dr, Bishop",13503,271206,605747,3948,2130,Inyo
37.38876,-118.41739,"2326 West St, Bishop",12025,117277,605747,5764,3947,Inyo
37.38724,-118.41458,"1720 Valley View Dr, Bishop",44866,261811,605747,4058,2241,Inyo
37.38669,-118.41456,"1708 Valley View Dr, Bishop",43995,351867,605747,2996,1179,Inyo
37.3854,-118.41457,"1642 Valley View Dr, Bishop",39204,591036,605747,174,-1644,Inyo
37.38515,-118.41486,"1636 Valley View Dr, Bishop",24831,275792,605747,3893,2076,Inyo
37.38487,-118.41642,"2310 Cherokee Cir, Bishop",8276,312744,605747,3457,1640,Inyo
37.38459,-118.4164,"2307 Cherokee Cir, Bishop",7840,475302,605747,1539,-278,Inyo
37.38433,-118.41642,"2305 Choctaw Dr, Bishop",9147,242073,605747,4291,2474,Inyo
37.38488,-118.41681,"2317 Sioux Ln, Bishop",7405,421056,605747,2179,362,Inyo
37.38448,-118.41678,"2315 Sioux Ln, Bishop",7405,367103,605747,2816,999,Inyo
37.38429,-118.41677,"2311 Sioux Ln, Bishop",7405,561816,605747,518,-1299,Inyo
37.3846,-118.41591,"1619 Valley View Dr, Bishop",19602,260566,605747,4073,2256,Inyo
37.38484,-118.41601,"1625 Valley View Dr, Bishop",12196,210104,605747,4669,2851,Inyo
37.3849,-118.41574,"1631 Valley View Dr, Bishop",7405,501249,605747,1233,-584,Inyo
37.38533,-118.41571,"1643 Valley View Dr, Bishop",7360,177025,605747,5059,3242,Inyo
37.38511,-118.41571,"1637 Valley View Dr, Bishop",7264,195371,605747,4842,3025,Inyo
37.38434,-118.41577,"1613 Valley View Dr, Bishop",12196,641196,641196,0,-1924,Inyo
37.38457,-118.42123,"1634 Paiute Cir, Bishop",10018,364242,605747,2850,1033,Inyo
37.38463,-118.42151,"1639 Paiute Cir, Bishop",9583,652641,652641,0,-1958,Inyo
37.38453,-118.42177,"1633 Paiute Cir, Bishop",12196,710000,710000,0,-2130,Inyo
37.38419,-118.42172,"1627 Paiute Cir, Bishop",11325,647700,647700,0,-1943,Inyo
37.38409,-118.42208,"1618 Shoshone Dr, Bishop",7405,438950,605747,1968,151,Inyo
37.38428,-118.42212,"1624 Shoshone Dr, Bishop",8276,568275,605747,442,-1375,Inyo
37.38448,-118.42213,"1630 Shoshone Dr, Bishop",8399,215046,605747,4610,2793,Inyo
37.38435,-118.42275,"1631 Shoshone Dr, Bishop",8400,680000,680000,0,-2040,Inyo
37.38416,-118.42273,"1625 Shoshone Dr, Bishop",9147,502602,605747,1217,-600,Inyo
37.38396,-118.4227,"1619 Shoshone Dr, Bishop",10454,371283,605747,2767,949,Inyo
37.38348,-118.42252,"1613 Shoshone Dr, Bishop",13503,421660,605747,2172,355,Inyo
37.38322,-118.4225,"1607 Shoshone Dr, Bishop",15681,437770,605747,1982,165,Inyo
37.3832,-118.42208,"1601 Shoshone Dr, Bishop",9583,611755,611755,0,-1835,Inyo
37.38329,-118.4218,"1600 Shoshone Dr, Bishop",12632,662445,662445,0,-1987,Inyo
37.38354,-118.42179,"1606 Shoshone Dr, Bishop",8276,665856,665856,0,-1998,Inyo
37.38374,-118.42188,"1612 Shoshone Dr, Bishop",10018,338036,605747,3159,1342,Inyo
37.38382,-118.42146,"1621 Paiute Cir, Bishop",9583,284314,605747,3793,1976,Inyo
37.38361,-118.42144,"1615 Paiute Cir, Bishop",9147,533231,605747,856,-962,Inyo
37.38332,-118.42144,"1609 Paiute Cir, Bishop",13503,401924,605747,2405,588,Inyo
37.38323,-118.42115,"1603 Paiute Cir, Bishop",12196,607593,607593,0,-1823,Inyo
37.38327,-118.42078,"1602 Paiute Cir, Bishop",15681,232306,605747,4407,2589,Inyo
37.38353,-118.42071,"1608 Paiute Cir, Bishop",10018,640968,640968,0,-1923,Inyo
37.38375,-118.42078,"1614 Paiute Cir, Bishop",10018,300594,605747,3601,1784,Inyo
37.38395,-118.42083,"1620 Paiute Cir, Bishop",12632,345684,605747,3069,1251,Inyo
37.38418,-118.42079,"1626 Paiute Cir, Bishop",14374,671106,671106,0,-2013,Inyo
37.38401,-118.42032,"1623 Arapahoe Cir, Bishop",9583,230127,605747,4432,2615,Inyo
37.3838,-118.42033,"1617 Arapahoe Cir, Bishop",8276,568714,605747,437,-1380,Inyo
37.3836,-118.42038,"1611 Arapahoe Cir, Bishop",7840,485996,605747,1413,-404,Inyo
37.38332,-118.42034,"1605 Arapahoe Cir, Bishop",14810,307538,605747,3519,1702,Inyo
37.38326,-118.42002,"1604 Arapahoe Cir, Bishop",13939,362776,605747,2867,1050,Inyo
37.38332,-118.41969,"1610 Arapahoe Cir, Bishop",15246,580064,605747,303,-1514,Inyo
37.38359,-118.41965,"1616 Arapahoe Cir, Bishop",7840,496834,605747,1285,-532,Inyo
37.38385,-118.41977,"2452 Choctaw Dr, Bishop",9147,246530,605747,4239,2422,Inyo
37.38385,-118.41951,"2440 Choctaw Dr, Bishop",8280,417281,605747,2224,407,Inyo
37.38385,-118.41925,"2428 Choctaw Dr, Bishop",9147,445609,605747,1890,72,Inyo
37.3836,-118.41932,"1619 Washoe Cir, Bishop",7840,445195,605747,1895,77,Inyo
37.38335,-118.41932,"1613 Washoe Cir, Bishop",11442,626000,626000,0,-1878,Inyo
37.38325,-118.41911,"1607 Washoe Cir, Bishop",10454,327121,605747,3288,1471,Inyo
37.38325,-118.41877,"1608 Washoe Cir, Bishop",11325,265234,605747,4018,2201,Inyo
37.38337,-118.41857,"1614 Washoe Cir, Bishop",11325,224878,605747,4494,2677,Inyo
37.38362,-118.41859,"1620 Washoe Cir, Bishop",7840,625000,625000,0,-1875,Inyo
37.38387,-118.41879,"2392 Choctaw Dr, Bishop",8276,645000,645000,0,-1935,Inyo
37.38387,-118.41853,"2380 Choctaw Dr, Bishop",8276,189468,605747,4912,3095,Inyo
37.38436,-118.41729,"2329 Choctaw Dr, Bishop",8712,597220,605747,101,-1717,Inyo
37.38435,-118.41754,"2341 Choctaw Dr, Bishop",8712,457914,605747,1744,-73,Inyo
37.38435,-118.41779,"2353 Choctaw Dr, Bishop",8568,398236,605747,2449,631,Inyo
37.38435,-118.41803,"2365 Choctaw Dr, Bishop",8712,210521,605747,4664,2846,Inyo
37.38435,-118.41828,"2377 Choctaw Dr, Bishop",8712,464229,605747,1670,-147,Inyo
37.38435,-118.41853,"2389 Choctaw Dr, Bishop",8330,458879,605747,1733,-84,Inyo
37.38435,-118.41877,"2401 Choctaw Dr, Bishop",8330,411364,605747,2294,476,Inyo
37.38434,-118.41901,"2413 Choctaw Dr, Bishop",8276,317229,605747,3405,1587,Inyo
37.38434,-118.41925,"2425 Choctaw Dr, Bishop",8276,226994,605747,4469,2652,Inyo
37.38434,-118.41949,"2437 Choctaw Dr, Bishop",8276,214738,605747,4614,2797,Inyo
37.38434,-118.41973,"2449 Choctaw Dr, Bishop",8276,620274,620274,0,-1861,Inyo
37.38437,-118.41997,"2461 Choctaw Dr, Bishop",8276,335805,605747,3185,1368,Inyo
37.38442,-118.42021,"2473 Choctaw Dr, Bishop",8712,297683,605747,3635,1818,Inyo
37.45978,-118.3305,"1381 Rudolph Rd, Bishop",217800,546626,605747,698,-1120,Inyo
37.46109,-118.33061,"1451 Rudolph Rd, Bishop",217800,875495,875495,0,-2626,Inyo
37.45623,-118.33064,"1120 Rudolph Rd, Bishop",217800,637352,637352,0,-1912,Inyo
37.45773,-118.33044,"1181 Rudolph Rd, Bishop",218671,196956,605747,4824,3006,Inyo
37.45804,-118.32792,"1250 Rudolph Rd, Bishop",222156,776028,776028,0,-2328,Inyo
37.459,-118.32792,"1320 Rudolph Rd, Sierra Sky Ranch",234352,452794,605747,1805,-12,Inyo
37.38481,-118.41991,"2456 Apache Dr, Bishop",13939,800998,800998,0,-2403,Inyo
37.38474,-118.4197,"2444 Apache Dr, Bishop",12196,276770,605747,3882,2065,Inyo
37.3847,-118.41947,"2432 Apache Dr, Bishop",10890,549309,605747,666,-1151,Inyo
37.38468,-118.41922,"2420 Apache Dr, Bishop",9583,457787,605747,1746,-71,Inyo
37.38467,-118.41898,"2408 Apache Dr, Bishop",8712,277701,605747,3871,2054,Inyo
37.38467,-118.41874,"2396 Apache Dr, Bishop",8276,300589,605747,3601,1784,Inyo
37.38467,-118.4185,"2384 Apache Dr, Bishop",8276,325537,605747,3306,1489,Inyo
37.38468,-118.41826,"2372 Apache Dr, Bishop",8276,503109,605747,1211,-606,Inyo
37.38468,-118.41801,"2360 Apache Dr, Bishop",8322,362561,605747,2870,1052,Inyo
37.38468,-118.41777,"2348 Apache Dr, Bishop",8322,507555,605747,1159,-659,Inyo
37.38468,-118.41753,"2336 Apache Dr, Bishop",8276,495729,605747,1298,-519,Inyo
37.38468,-118.41729,"2324 Apache Dr, Bishop",8322,446334,605747,1881,64,Inyo
37.38519,-118.4172,"2325 Apache Dr, Bishop",8712,612000,612000,0,-1836,Inyo
37.38518,-118.41747,"2337 Apache Dr, Bishop",9147,447439,605747,1868,51,Inyo
37.38517,-118.41773,"2349 Apache Dr, Bishop",9262,679000,679000,0,-2037,Inyo
37.38517,-118.41799,"2361 Apache Dr, Bishop",9147,268704,605747,3977,2160,Inyo
37.38517,-118.41825,"2373 Apache Dr, Bishop",9147,289066,605747,3737,1920,Inyo
37.38517,-118.4185,"2385 Apache Dr, Bishop",8712,461818,605747,1698,-119,Inyo
37.38516,-118.41875,"2397 Apache Dr, Bishop",8712,419996,605747,2192,375,Inyo
37.38517,-118.419,"2409 Apache Dr, Bishop",9583,667080,667080,0,-2001,Inyo
37.38523,-118.41925,"2421 Apache Dr, Bishop",9147,520868,605747,1002,-816,Inyo
37.38534,-118.41947,"2433 Apache Dr, Bishop",9147,301404,605747,3591,1774,Inyo
37.38549,-118.41966,"2445 Apache Dr, Bishop",9583,452672,605747,1806,-11,Inyo
37.38565,-118.41926,"2386 Navajo Cir, Bishop",11325,468510,605747,1619,-198,Inyo
37.38552,-118.41901,"2374 Navajo Cir, Bishop",12196,563078,605747,503,-1314,Inyo
37.3855,-118.41869,"2362 Navajo Cir, Bishop",11325,466502,605747,1643,-174,Inyo
37.38551,-118.41838,"2350 Navajo Cir, Bishop",11350,595335,605747,123,-1694,Inyo
37.38551,-118.4181,"2338 Navajo Cir, Bishop",9390,577664,605747,331,-1486,Inyo
37.38551,-118.41784,"2326 Navajo Cir, Bishop",9825,532110,605747,869,-948,Inyo
37.38547,-118.41756,"2314 Navajo Cir, Bishop",8712,456858,605747,1757,-60,Inyo
37.38554,-118.41727,"2302 Navajo Cir, Bishop",13500,655442,655442,0,-1966,Inyo
37.38583,-118.41723,"2309 Navajo Cir, Bishop",9583,315618,605747,3424,1606,Inyo
37.38605,-118.41735,"2321 Navajo Cir, Bishop",12196,422777,605747,2159,342,Inyo
37.38604,-118.41769,"2333 Navajo Cir, Bishop",8712,494950,605747,1307,-510,Inyo
37.38602,-118.41795,"2345 Navajo Cir, Bishop",8220,662445,662445,0,-1987,Inyo
37.38602,-118.4182,"2357 Navajo Cir, Bishop",9360,627808,627808,0,-1883,Inyo
37.38602,-118.41845,"2369 Navajo Cir, Bishop",8220,638632,638632,0,-1916,Inyo
37.386,-118.41872,"2381 Navajo Cir, Bishop",10454,609450,609450,0,-1828,Inyo
37.38554,-118.42276,"1667 Shoshone Dr, Bishop",8400,599630,605747,72,-1745,Inyo
37.38535,-118.42276,"1661 Shoshone Dr, Bishop",8400,69996,605747,6322,4505,Inyo
37.38515,-118.42276,"1655 Shoshone Dr, Bishop",8880,327456,605747,3284,1467,Inyo
37.38495,-118.42275,"1649 Shoshone Dr, Bishop",8400,529279,605747,902,-915,Inyo
37.38475,-118.42275,"1643 Shoshone Dr, Bishop",9600,545467,605747,711,-1106,Inyo
37.38454,-118.42275,"1637 Shoshone Dr, Bishop",8400,631417,631417,0,-1894,Inyo
37.38541,-118.42221,"2443 Cheyenne Dr, Bishop",9552,309310,605747,3498,1681,Inyo
37.38541,-118.42195,"2431 Cheyenne Dr, Bishop",8400,407399,605747,2341,523,Inyo
37.38539,-118.42169,"2419 Cheyenne Dr, Bishop",8281,296502,605747,3649,1832,Inyo
37.38562,-118.42163,"2407 Cheyenne Dr, Bishop",9237,596198,605747,113,-1705,Inyo
37.38576,-118.42146,"2395 Cheyenne Dr, Bishop",8444,485821,605747,1415,-402,Inyo
37.38589,-118.42128,"2383 Cheyenne Dr, Bishop",8621,429050,605747,2085,268,Inyo
37.38599,-118.42105,"2371 Cheyenne Dr, Bishop",9789,326232,605747,3298,1481,Inyo
37.38608,-118.42082,"2359 Cheyenne Dr, Bishop",8565,600638,605747,60,-1757,Inyo
37.38617,-118.4206,"2347 Cheyenne Dr, Bishop",9177,697170,697170,0,-2092,Inyo
37.38626,-118.42037,"2335 Cheyenne Dr, Bishop",8565,631285,631285,0,-1894,Inyo
37.38579,-118.42016,"2334 Cheyenne Dr, Bishop",8750,101960,605747,5945,4127,Inyo
37.3857,-118.42037,"2346 Cheyenne Dr, Bishop",8750,349688,605747,3021,1204,Inyo
37.38561,-118.42058,"2358 Cheyenne Dr, Bishop",8661,459497,605747,1726,-91,Inyo
37.38551,-118.42079,"2370 Cheyenne Dr, Bishop",10624,657900,657900,0,-1974,Inyo
37.38538,-118.42099,"2382 Cheyenne Dr, Bishop",12038,128482,605747,5632,3814,Inyo
37.38519,-118.42112,"2394 Cheyenne Dr, Bishop",11359,623802,623802,0,-1871,Inyo
37.38497,-118.42119,"2406 Cheyenne Dr, Bishop",10851,307606,605747,3518,1701,Inyo
37.38489,-118.42142,"2418 Cheyenne Dr, Bishop",8973,676260,676260,0,-2029,Inyo
37.38491,-118.42169,"2430 Cheyenne Dr, Bishop",8852,480784,605747,1475,-343,Inyo
37.38492,-118.42194,"2442 Cheyenne Dr, Bishop",8333,330652,605747,3246,1429,Inyo
37.38492,-118.4222,"2454 Cheyenne Dr, Bishop",9018,480726,605747,1475,-342,Inyo
37.38467,-118.42214,"1636 Shoshone Dr, Bishop",8400,308813,605747,3504,1687,Inyo
37.38684,-118.41822,"2385 Hopi Cir, Bishop",10018,463910,605747,1674,-144,Inyo
37.38684,-118.41795,"2373 Hopi Cir, Bishop",9147,291832,605747,3704,1887,Inyo
37.38686,-118.41769,"2361 Hopi Cir, Bishop",8712,426679,605747,2113,296,Inyo
37.38687,-118.41735,"2349 Hopi Cir, Bishop",12196,473536,605747,1560,-257,Inyo
37.38665,-118.41724,"2337 Hopi Cir, Bishop",9583,401476,605747,2410,593,Inyo
37.38636,-118.41728,"2342 Hopi Cir, Bishop",13068,283791,605747,3799,1982,Inyo
37.38631,-118.41758,"2354 Hopi Cir, Bishop",9147,543378,605747,736,-1081,Inyo
37.38634,-118.41786,"2366 Hopi Cir, Bishop",8702,471253,605747,1587,-230,Inyo
37.38635,-118.41812,"2378 Hopi Cir, Bishop",9600,401797,605747,2407,589,Inyo
37.38633,-118.41844,"2390 Hopi Cir, Bishop",11761,368078,605747,2804,987,Inyo
37.38765,-118.41945,"2281 Shoshone Dr, Bishop",9583,613836,613836,0,-1842,Inyo
37.38765,-118.4192,"2287 Shoshone Dr, Bishop",9147,629972,629972,0,-1890,Inyo
37.38765,-118.41895,"2293 Shoshone Dr, Bishop",9583,584511,605747,251,-1567,Inyo
37.38765,-118.41869,"2299 Shoshone Dr, Bishop",10454,287563,605747,3755,1937,Inyo
37.38766,-118.41822,"2301 Shoshone Dr, Bishop",10018,284990,605747,3785,1968,Inyo
37.38766,-118.41795,"2313 Shoshone Dr, Bishop",9583,472667,605747,1570,-247,Inyo
37.3877,-118.41767,"2325 Shoshone Dr, Bishop",10018,292962,605747,3691,1874,Inyo
37.38768,-118.41733,"2337 Shoshone Dr, Bishop",13939,405101,605747,2368,550,Inyo
37.38741,-118.41724,"2348 Shoshone Dr, Bishop",10018,406502,605747,2351,534,Inyo
37.38715,-118.41733,"2336 Shoshone Dr, Bishop",13939,292095,605747,3701,1884,Inyo
37.38715,-118.41769,"2324 Shoshone Dr, Bishop",8712,383366,605747,2624,807,Inyo
37.38716,-118.41795,"2312 Shoshone Dr, Bishop",8576,511841,605747,1108,-709,Inyo
37.38716,-118.41821,"2300 Shoshone Dr, Bishop",8276,647335,647335,0,-1942,Inyo
37.3872,-118.4194,"2197 Cheyenne Dr, Bishop",9583,406278,605747,2354,536,Inyo
37.38697,-118.4194,"2205 Cheyenne Dr, Bishop",10073,481385,605747,1467,-350,Inyo
37.38676,-118.4195,"2211 Cheyenne Dr, Bishop",9147,466284,605747,1646,-172,Inyo
37.38658,-118.41967,"2217 Cheyenne Dr, Bishop",10454,349079,605747,3029,1211,Inyo
37.38645,-118.4199,"2223 Cheyenne Dr, Bishop",9583,458649,605747,1736,-81,Inyo
37.38636,-118.42015,"2229 Cheyenne Dr, Bishop",9788,683287,683287,0,-2050,Inyo
37.38719,-118.41876,"2226 Cheyenne Dr, Bishop",9583,319668,605747,3376,1558,Inyo
37.38698,-118.41876,"2238 Cheyenne Dr, Bishop",9583,351909,605747,2995,1178,Inyo
37.38676,-118.41882,"2250 Cheyenne Dr, Bishop",10018,442780,605747,1923,106,Inyo
37.38655,-118.41893,"2262 Cheyenne Dr, Bishop",10454,335546,605747,3188,1371,Inyo
37.38635,-118.41909,"2274 Cheyenne Dr, Bishop",10454,271476,605747,3944,2127,Inyo
37.38618,-118.41929,"2286 Cheyenne Dr, Bishop",9583,458425,605747,1738,-79,Inyo
37.38605,-118.41951,"2298 Cheyenne Dr, Bishop",9583,430890,605747,2063,246,Inyo
37.38596,-118.41973,"2310 Cheyenne Dr, Bishop",8712,276568,605747,3884,2067,Inyo
37.38587,-118.41995,"2322 Cheyenne Dr, Bishop",8712,514827,605747,1073,-744,Inyo
37.38765,-118.4197,"2175 Shoshone Dr, Bishop",9100,368081,605747,2804,987,Inyo
37.38765,-118.41995,"2103 Shoshone Dr, Bishop",9750,468510,605747,1619,-198,Inyo
37.38765,-118.4202,"2067 Shoshone Dr, Bishop",9100,723482,723482,0,-2170,Inyo
37.38717,-118.42037,"2181 Kiowa Cir, Bishop",8387,254142,605747,4149,2332,Inyo
37.38711,-118.42062,"2175 Kiowa Cir, Bishop",9794,307304,605747,3522,1704,Inyo
37.38707,-118.42085,"2167 Kiowa Cir, Bishop",12201,545090,605747,716,-1101,Inyo
37.38689,-118.42107,"2161 Kiowa Cir, Bishop",8343,283520,605747,3802,1985,Inyo
37.38682,-118.42132,"2155 Kiowa Cir, Bishop",9914,319790,605747,3374,1557,Inyo
37.38678,-118.4216,"2149 Kiowa Cir, Bishop",12029,700397,700397,0,-2101,Inyo
37.38656,-118.42178,"2143 Kiowa Cir, Bishop",10325,586262,605747,230,-1587,Inyo
37.38626,-118.42174,"2138 Kiowa Cir, Bishop",13425,562258,605747,513,-1304,Inyo
37.38613,-118.42146,"2144 Kiowa Cir, Bishop",13854,568678,605747,437,-1380,Inyo
37.3863,-118.42115,"2150 Kiowa Cir, Bishop",8615,581805,605747,283,-1535,Inyo
37.3864,-118.42094,"2156 Kiowa Cir, Bishop",8400,371921,605747,2759,942,Inyo
37.38649,-118.42073,"2162 Kiowa Cir, Bishop",8400,524435,605747,959,-858,Inyo
37.38658,-118.42051,"2168 Kiowa Cir, Bishop",8400,645000,645000,0,-1935,Inyo
37.38667,-118.4203,"2174 Kiowa Cir, Bishop",8400,260583,605747,4073,2256,Inyo
37.38676,-118.42006,"2180 Kiowa Cir, Bishop",10270,300402,605747,3603,1786,Inyo
37.38694,-118.41984,"2186 Kiowa Cir, Bishop",10803,736052,736052,0,-2208,Inyo
37.38719,-118.4198,"2192 Kiowa Cir, Bishop",10468,470031,605747,1601,-216,Inyo
37.38765,-118.42045,"2031 Shoshone Dr, Bishop",9425,468510,605747,1619,-198,Inyo
37.38765,-118.42119,"1851 Shoshone Dr, Bishop",9425,694029,694029,0,-2082,Inyo
37.38765,-118.42144,"1839 Shoshone Dr, Bishop",9429,458447,605747,1738,-79,Inyo
37.38764,-118.42169,"1811 Shoshone Dr, Bishop",9854,462213,605747,1694,-124,Inyo
37.38761,-118.42194,"1805 Shoshone Dr, Bishop",11073,690000,690000,0,-2070,Inyo
37.38757,-118.42219,"1793 Zuni Cir, Bishop",13015,437963,605747,1980,163,Inyo
37.38772,-118.42245,"1781 Zuni Cir, Bishop",9456,491188,605747,1352,-465,Inyo
37.38764,-118.4228,"1769 Zuni Cir, Bishop",14189,665068,665068,0,-1995,Inyo
37.3873,-118.42284,"1763 Zuni Cir, Bishop",11600,505196,605747,1186,-631,Inyo
37.38714,-118.42257,"1757 Zuni Cir, Bishop",10870,412468,605747,2281,463,Inyo
37.38688,-118.42208,"1752 Shoshone Dr, Bishop",8341,613530,613530,0,-1841,Inyo
37.38703,-118.42192,"1770 Shoshone Dr, Bishop",8576,442732,605747,1924,106,Inyo
37.38712,-118.42169,"1806 Shoshone Dr, Bishop",9411,315686,605747,3423,1605,Inyo
37.38715,-118.42144,"1840 Shoshone Dr, Bishop",8734,529957,605747,894,-923,Inyo
37.38717,-118.42115,"1852 Shoshone Dr, Bishop",9207,625644,625644,0,-1877,Inyo
37.38673,-118.42277,"1737 Shoshone Dr, Bishop",8712,570345,605747,418,-1400,Inyo
37.38653,-118.42277,"1727 Shoshone Dr, Bishop",8760,512457,605747,1101,-716,Inyo
37.38613,-118.42277,"1703 Shoshone Dr, Bishop",8760,816510,816510,0,-2450,Inyo
37.38593,-118.42276,"1691 Shoshone Dr, Bishop",8760,445920,605747,1886,69,Inyo
37.38573,-118.42276,"1679 Shoshone Dr, Bishop",8760,717876,717876,0,-2154,Inyo
37.38567,-118.42209,"1680 Shoshone Dr, Bishop",10675,551641,605747,638,-1179,Inyo
37.38586,-118.42209,"1692 Shoshone Dr, Bishop",10587,602375,605747,40,-1777,Inyo
37.38608,-118.42208,"1704 Shoshone Dr, Bishop",10454,409697,605747,2313,496,Inyo
37.38629,-118.42215,"1716 Shoshone Dr, Bishop",8914,477881,605747,1509,-308,Inyo
37.3867,-118.42215,"1740 Shoshone Dr, Bishop",9147,740000,740000,0,-2220,Inyo
37.36613,-118.44974,"387 Shepard Ln, Bishop",34412,113337,605747,5810,3993,Inyo
37.36642,-118.44974,"399 Shepard Ln, Bishop",31798,142135,605747,5471,3653,Inyo
37.3658,-118.44974,"375 Shepard Ln, Bishop",41382,332839,605747,3220,1403,Inyo
37.36509,-118.44862,"316 Shepard Ln, Bishop",27007,250175,605747,4196,2379,Inyo
37.36542,-118.44867,"348 Shepard Ln, Bishop",36590,801003,801003,0,-2403,Inyo
37.36542,-118.44792,"317 Mt Tom Rd, Bishop",26755,295230,605747,3664,1847,Inyo
37.36582,-118.44798,"325 Mt Tom Rd, Bishop",30056,958800,958800,0,-2876,Inyo
37.36818,-118.44923,"393 Mt Tom Rd, Bishop",81892,925453,925453,0,-2776,Inyo
37.3663,-118.44867,"388 Shepard Ln, Bishop",50529,459245,605747,1729,-89,Inyo
37.36734,-118.44962,"395 Mt Tom Rd, Bishop",72309,914563,914563,0,-2744,Inyo
37.36787,-118.44953,"391 Mt Tom Rd, Bishop",84721,1255765,1255765,0,-3767,Inyo
37.3673,-118.44867,"412 Shepard Ln, Bishop",31798,539256,605747,785,-1033,Inyo
37.36784,-118.44794,"397 Mt Tom Rd, Bishop",23086,345383,605747,3072,1255,Inyo
37.36828,-118.44794,"403 Mt Tom Rd, Bishop",26136,509722,605747,1133,-684,Inyo
37.36808,-118.44844,"401 Mt Tom Rd, Bishop",58370,1219540,1219540,0,-3659,Inyo
37.36685,-118.44795,"373 Mt Tom Rd, Bishop",38554,664634,664634,0,-1994,Inyo
37.36506,-118.44785,"305 Mt Tom Rd, Bishop",17550,668561,668561,0,-2006,Inyo
37.36805,-118.44508,"387 N Mountain View Rd, Bishop",53578,809710,809710,0,-2429,Inyo
37.36756,-118.44501,"375 N Mountain View Rd, Bishop",45302,1003961,1003961,0,-3012,Inyo
37.36714,-118.44504,"363 N Mountain View Rd, Bishop",43560,580164,605747,302,-1515,Inyo
37.36672,-118.44508,"351 N Mountain View Rd, Bishop",43560,538082,605747,798,-1019,Inyo
37.3663,-118.44511,"327 N Mountain View Rd, Bishop",43641,889097,889097,0,-2667,Inyo
37.36545,-118.44522,"301 North Mountain View Rd, Bishop",43560,948298,948298,0,-2845,Inyo
37.36532,-118.44601,"300 Vista Rd, Bishop",23086,338555,605747,3153,1336,Inyo
37.36568,-118.44598,"312 Vista Rd, Bishop",21780,637683,637683,0,-1913,Inyo
37.3661,-118.44597,"324 Vista Rd, Bishop",32670,306226,605747,3534,1717,Inyo
37.36658,-118.44595,"350 Vista Rd, Bishop",34412,723139,723139,0,-2169,Inyo
37.36747,-118.44591,"374 Vista Rd, Bishop",32670,758546,758546,0,-2276,Inyo
37.36789,-118.44589,"384 Vista Rd, Bishop",32670,796474,796474,0,-2389,Inyo
37.3683,-118.44588,"398 Vista Rd, Bishop",35719,1004550,1004550,0,-3014,Inyo
37.36826,-118.44675,"399 Vista Rd, Bishop",27442,857393,857393,0,-2572,Inyo
37.36773,-118.44675,"377 Vista Rd, Bishop",27878,529110,605747,904,-913,Inyo
37.36721,-118.44675,"369 Vista Rd, Bishop",27878,323734,605747,3328,1511,Inyo
37.36668,-118.44675,"347 Vista Rd, Bishop",27878,971615,971615,0,-2915,Inyo
37.36617,-118.44675,"325 Vista Rd, Bishop",27878,176122,605747,5070,3252,Inyo
37.36629,-118.44723,"330 Mt Tom Rd, Bishop",23958,597042,605747,103,-1715,Inyo
37.36679,-118.44723,"358 Mt Tom Rd, Bishop",23522,738627,738627,0,-2216,Inyo
37.36727,-118.44724,"374 Mt Tom Rd, Bishop",23960,611420,611420,0,-1834,Inyo
37.36774,-118.44724,"386 Mt Tom Rd, Bishop",23958,602914,605747,33,-1784,Inyo
37.36528,-118.44699,"301 Vista Rd, Bishop",43020,827186,827186,0,-2482,Inyo
37.3658,-118.44722,"312 Mt Tom Rd, Bishop",21911,997601,997601,0,-2993,Inyo
37.36569,-118.44676,"311 Vista Rd, Bishop",21780,635526,635526,0,-1907,Inyo
37.36825,-118.44725,"398 Mt Tom Rd, Bishop",31263,531804,605747,873,-945,Inyo
37.36675,-118.44386,"338 N Mountain View Rd, Bishop",43560,534901,605747,836,-981,Inyo
37.36628,-118.44288,"3601 Ranch Rd, Bishop",43560,274979,605747,3903,2086,Inyo
37.36623,-118.44334,"3613 Ranch Rd, Bishop",43560,416772,605747,2230,413,Inyo
37.36724,-118.44394,"372 N Mountain View Rd, Bishop",54014,394281,605747,2495,678,Inyo
37.3661,-118.44375,"3663 Ranch Rd, Bishop",43560,215060,605747,4610,2793,Inyo
37.36602,-118.44157,"3506 Ranch Rd, Bishop",15246,371777,605747,2761,944,Inyo
37.3658,-118.44159,"3504 Ranch Rd, Bishop",20473,533680,605747,850,-967,Inyo
37.36554,-118.44152,"3502 Ranch Rd, Bishop",16409,529802,605747,896,-921,Inyo
37.36681,-118.44202,"3561 Majestic Way, Bishop",10716,617178,617178,0,-1852,Inyo
37.36682,-118.44232,"3565 Majestic Way, Bishop",9790,690000,690000,0,-2070,Inyo
37.36713,-118.44265,"3574 Luring Ln, Bishop",10080,376661,605747,2703,886,Inyo
37.36713,-118.44234,"3568 Luring Ln, Bishop",10764,577930,605747,328,-1489,Inyo
37.36713,-118.44202,"371 Ranch Rd, Bishop",10678,272035,605747,3938,2121,Inyo
37.36739,-118.44145,"390 Ranch Rd, Bishop",12000,931148,931148,0,-2793,Inyo
37.36711,-118.44145,"370 Ranch Rd, Bishop",12000,140758,605747,5487,3670,Inyo
37.36684,-118.44145,"340 Ranch Rd, Bishop",12000,396967,605747,2464,646,Inyo
37.36656,-118.44144,"320 Ranch Rd, Bishop",12000,621981,621981,0,-1866,Inyo
37.36628,-118.44146,"300 Ranch Rd, Bishop",12247,658316,658316,0,-1975,Inyo
37.36766,-118.44145,"400 Ranch Rd, Bishop",12000,634170,634170,0,-1903,Inyo
37.36799,-118.44144,"410 Ranch Rd, Bishop",16032,584498,605747,251,-1567,Inyo
37.36833,-118.44151,"414 Ranch Rd, Bishop",17700,371179,605747,2768,951,Inyo
37.36839,-118.44192,"3561 Ranch View Ln, Bishop",13015,750772,750772,0,-2252,Inyo
37.36835,-118.44229,"3567 Ranch View Ln, Bishop",12240,655725,655725,0,-1967,Inyo
37.36793,-118.443,"3578 Ranch View Ln, Bishop",12717,700397,700397,0,-2101,Inyo
37.36791,-118.44265,"3572 Ranch View Ln, Bishop",10250,332756,605747,3221,1404,Inyo
37.36792,-118.44234,"3566 Ranch View Ln, Bishop",10764,643385,643385,0,-1930,Inyo
37.36792,-118.44202,"415 Ranch Rd, Bishop",10630,603122,605747,31,-1786,Inyo
37.3676,-118.44202,"401 Ranch Rd, Bishop",10715,500638,605747,1240,-577,Inyo
37.3676,-118.44234,"3569 Luring Ln, Bishop",10764,163707,605747,5216,3399,Inyo
37.3676,-118.44265,"3575 Luring Ln, Bishop",10100,494416,605747,1314,-504,Inyo
37.36757,-118.443,"3581 Luring Ln, Bishop",12580,438123,605747,1978,161,Inyo
37.36763,-118.44352,"396 N Mountain View Rd, Bishop",47916,96242,605747,6012,4195,Inyo
37.36829,-118.44438,"420 N Mountain View Rd, Bishop",35283,836047,836047,0,-2508,Inyo
37.36822,-118.44362,"408 N Mountain View Rd, Bishop",53143,1048874,1048874,0,-3147,Inyo
37.36835,-118.44283,"3579 Ranch View Ln, Bishop",25423,279720,605747,3847,2030,Inyo
37.36629,-118.44214,"301 Ranch Rd, Bishop",20235,438526,605747,1973,156,Inyo
37.36678,-118.44273,"3577 Majestic Way, Bishop",22483,557530,605747,569,-1248,Inyo
37.36715,-118.443,"3580 Luring Ln, Bishop",15242,618007,618007,0,-1854,Inyo
37.36521,-118.44144,"3500 Ranch Rd, Bishop",21780,562879,605747,506,-1311,Inyo
37.36462,-118.4482,"314 Shepard Ln, Bishop",6600,342356,605747,3108,1291,Inyo
37.36444,-118.44857,"300 Shepard Ln, Bishop",20908,105483,605747,5903,4086,Inyo
37.36426,-118.44857,"272 Shepard Ln, Bishop",20908,345403,605747,3072,1255,Inyo
37.36407,-118.44882,"260 Shepard Ln, Bishop",11761,443054,605747,1920,103,Inyo
37.36353,-118.44858,"224 Shepard Ln, Bishop",20908,612000,612000,0,-1836,Inyo
37.36326,-118.44858,"200 Shepard Ln, Bishop",41817,344870,605747,3078,1261,Inyo
37.36255,-118.44858,"148 Shepard Ln, Bishop",22215,237302,605747,4348,2530,Inyo
37.36176,-118.44978,"3905 W Line St, Bishop",93639,918000,918000,0,-2754,Inyo
37.3639,-118.44976,"249 Shepard Ln, Bishop",20908,538357,605747,795,-1022,Inyo
37.36408,-118.44976,"261 Shepard Ln, Bishop",20908,637359,637359,0,-1912,Inyo
37.36427,-118.44976,"273 Shepard Ln, Bishop",21780,100111,605747,5966,4149,Inyo
37.36445,-118.44975,"301 Shepard Ln, Bishop",20037,511824,605747,1108,-709,Inyo
37.36234,-118.44977,"149 Shepard Ln, Bishop",38768,397845,605747,2453,636,Inyo
37.36372,-118.44976,"237 Shepard Ln, Bishop",20955,474088,605747,1554,-264,Inyo
37.36228,-118.44858,"138 Shepard Ln, Bishop",41382,252413,605747,4169,2352,Inyo
37.36297,-118.44977,"173 Shepard Ln, Bishop",25264,23738,605747,6868,5050,Inyo
37.36471,-118.44893,"310 Shepard Ln, Bishop",14374,53743,605747,6514,4696,Inyo
37.36199,-118.44889,"128 Shepard Ln, Bishop",11232,398234,605747,2449,631,Inyo
37.36163,-118.44888,"3893 W Line St, Bishop",26325,202684,605747,4756,2939,Inyo
37.36371,-118.44868,"236 Shepard Ln, Bishop",16988,395644,605747,2479,662,Inyo
37.36484,-118.44819,"312 Shepard Ln, Bishop",9100,385499,605747,2599,782,Inyo
37.36396,-118.44799,"255 Mt Tom Rd, Bishop",52613,1064874,1064874,0,-3195,Inyo
37.36389,-118.44882,"248 Shepard Ln, Bishop",11550,650250,650250,0,-1951,Inyo
37.36312,-118.44616,"213 South Mountain View Rd, Bishop",44431,1071146,1071146,0,-3213,Inyo
37.36285,-118.44611,"207 South Mountain View Rd, Bishop",43995,850286,850286,0,-2551,Inyo
37.3616,-118.44701,"3801 W Line St, Bishop",8276,344170,605747,3087,1269,Inyo
37.36406,-118.44619,"257 S Mountain View Rd, Bishop",56192,1153700,1153700,0,-3461,Inyo
37.36463,-118.44712,"3792 Ranch Rd, Bishop",25852,749213,749213,0,-2248,Inyo
37.36458,-118.44779,"275 Mt Tom Rd, Bishop",29902,305281,605747,3545,1728,Inyo
37.36191,-118.44568,"1 Mclaren Ln, Bishop",76230,986493,986493,0,-2959,Inyo
37.36168,-118.44755,"3857 W Line St, Bishop",64468,157407,605747,5290,3473,Inyo
37.36217,-118.44716,"210 Mt Tom Rd, Bishop",23958,703279,703279,0,-2110,Inyo
37.36346,-118.4478,"245 Mt Tom Rd, Bishop",20909,395655,605747,2479,662,Inyo
37.36303,-118.4478,"233 Mt Tom Rd, Bishop",20886,1053745,1053745,0,-3161,Inyo
37.36261,-118.44781,"221 Mt Tom Rd, Bishop",20886,590897,605747,175,-1642,Inyo
37.36217,-118.44777,"209 Mt Tom Rd, Bishop",23958,483282,605747,1445,-372,Inyo
37.36406,-118.44712,"250 Mt Tom Rd, Bishop",30056,603044,605747,32,-1785,Inyo
37.36354,-118.44712,"240 Mt Tom Rd, Bishop",20925,576722,605747,342,-1475,Inyo
37.36312,-118.44712,"230 Mt Tom Rd, Bishop",20925,331874,605747,3232,1414,Inyo
37.36464,-118.44585,"283 S Mountain View Rd, Bishop",68824,925874,925874,0,-2778,Inyo
37.36457,-118.44659,"3780 Ranch Rd, Bishop",42688,710271,710271,0,-2131,Inyo
37.36252,-118.44572,"185 Mclaren Ln, Bishop",29185,599560,605747,73,-1744,Inyo
37.36372,-118.44619,"237 S Mountain View Rd, Bishop",44852,108771,605747,5864,4047,Inyo
37.36503,-118.4429,"3612 Ranch Rd, Bishop",44866,933920,933920,0,-2802,Inyo
37.3642,-118.44182,"372 Mclaren Ln, Bishop",23522,482167,605747,1458,-359,Inyo
37.36403,-118.4421,"360 Mclaren Ln, Bishop",43560,436457,605747,1998,180,Inyo
37.36391,-118.44248,"348 Mclaren Ln, Bishop",46609,479431,605747,1491,-327,Inyo
37.3637,-118.44286,"336 Mclaren Ln, Bishop",43560,697264,697264,0,-2092,Inyo
37.36389,-118.44322,"324 Mclaren Ln, Bishop",20908,237166,605747,4349,2532,Inyo
37.36329,-118.44322,"312 Mclaren Ln, Bishop",21344,529866,605747,895,-922,Inyo
37.36493,-118.44487,"286 S Mountain View Rd, Bishop",30056,214427,605747,4618,2800,Inyo
37.36378,-118.44356,"272 Mclaren Ln, Bishop",18730,295803,605747,3657,1840,Inyo
37.36327,-118.44418,"249 Mclaren Ln, Bishop",50529,1104717,1104717,0,-3314,Inyo
37.36281,-118.44482,"186 Mclaren Ln, Bishop",18295,105377,605747,5904,4087,Inyo
37.36318,-118.44492,"200 S Mountain View Rd, Bishop",36590,728028,728028,0,-2184,Inyo
37.36454,-118.44477,"216 S Mountain View Rd, Bishop",40075,797215,797215,0,-2392,Inyo
37.36358,-118.44494,"206 S Mountain View Rd, Bishop",20908,133280,605747,5575,3758,Inyo
37.36516,-118.44252,"3600 Ranch Rd, Bishop",72309,412492,605747,2280,463,Inyo
37.36374,-118.44409,"299 Mclaren Ln, Bishop",33105,811822,811822,0,-2435,Inyo
37.36317,-118.44364,"262 Mclaren Ln, Bishop",28314,580019,605747,304,-1514,Inyo
37.36434,-118.44149,"384 Mclaren Ln, Bishop",58806,385162,605747,2603,786,Inyo
37.36434,-118.44382,"3652 Ranch Rd, Bishop",46174,749724,749724,0,-2249,Inyo
37.36513,-118.44196,"3582 Ranch Rd, Bishop",40511,354225,605747,2968,1151,Inyo
37.36512,-118.44426,"3656 Ranch Rd, Bishop",21781,832400,832400,0,-2497,Inyo
37.3617,-118.44322,"3499 W Line St, Bishop",34412,426884,605747,2111,293,Inyo
37.3617,-118.44376,"3517 W Line St, Bishop",37897,703382,703382,0,-2110,Inyo
37.36171,-118.44154,"3401 W Line St, Bishop",40946,532339,605747,866,-951,Inyo
37.36171,-118.44211,"3437 W Line St, Bishop",34848,357962,605747,2924,1107,Inyo
37.36162,-118.44487,"100 Mclaren Ln, Bishop",30492,746877,746877,0,-2241,Inyo
37.36221,-118.4432,"3642 Brookside Dr, Bishop",17859,520877,605747,1001,-816,Inyo
37.36223,-118.44277,"3620 Brookside Dr, Bishop",15246,597355,605747,99,-1718,Inyo
37.36227,-118.44239,"3590 Brookside Dr, Bishop",15681,156787,605747,5298,3480,Inyo
37.36227,-118.44155,"3566 Brookside Dr, Bishop",24393,235441,605747,4370,2552,Inyo
37.36294,-118.44153,"3530 Brookside Dr, Bishop",19602,509665,605747,1134,-683,Inyo
37.36326,-118.44148,"3522 Brookside Dr, Bishop",17424,441079,605747,1943,126,Inyo
37.36361,-118.44152,"3514 Brookside Dr, Bishop",21344,592764,605747,153,-1664,Inyo
37.36322,-118.4422,"3533 Brookside Dr, Bishop",22651,440214,605747,1953,136,Inyo
37.36301,-118.44246,"3565 Brookside Dr, Bishop",19166,700397,700397,0,-2101,Inyo
37.36284,-118.44272,"3597 Brookside Dr, Bishop",16988,711004,711004,0,-2133,Inyo
37.36279,-118.44307,"3611 Brookside Dr, Bishop",13503,1010586,1010586,0,-3032,Inyo
37.36275,-118.44346,"3627 Brookside Dr, Bishop",16117,864745,864745,0,-2594,Inyo
37.36266,-118.44392,"3643 Brookside Dr, Bishop",21344,753435,753435,0,-2260,Inyo
37.36261,-118.4443,"3683 Brookside Dr, Bishop",19166,520451,605747,1006,-811,Inyo
37.36199,-118.44488,"112 Mclaren Ln, Bishop",13503,530552,605747,887,-930,Inyo
37.36246,-118.44489,"148 Mclaren Ln, Bishop",9700,783138,783138,0,-2349,Inyo
37.36261,-118.44459,"3695 Brookside Dr, Bishop",16552,375281,605747,2719,902,Inyo
37.36201,-118.4443,"3682 Brookside Dr, Bishop",16552,894744,894744,0,-2684,Inyo
37.36163,-118.44431,"3587 W Line St, Bishop",29620,613530,613530,0,-1841,Inyo
37.36232,-118.44203,"3582 Brookside Dr, Bishop",27056,728691,728691,0,-2186,Inyo
37.36264,-118.44161,"3542 Brookside Dr, Bishop",34784,529640,605747,898,-919,Inyo
37.37246,-118.43167,"744 Brockman Ln, Bishop",21344,66079,605747,6368,4551,Inyo
37.37245,-118.433,"773 Brockman Ln, Bishop",43560,53722,605747,6514,4697,Inyo
37.3722,-118.433,"751 Brockman Ln, Bishop",43560,662444,662444,0,-1987,Inyo
37.37194,-118.43301,"691 Brockman Ln, Bishop",43560,425653,605747,2125,308,Inyo
37.37168,-118.43301,"679 Brockman Ln, Bishop",43560,480429,605747,1479,-338,Inyo
37.37142,-118.43302,"611 Brockman Ln, Bishop",43560,704104,704104,0,-2112,Inyo
37.37116,-118.43302,"595 Brockman Ln, Bishop",43560,602375,605747,40,-1777,Inyo
37.36153,-118.43462,"3019 W Line St, Bishop",9583,330759,605747,3245,1428,Inyo
37.3618,-118.43582,"3071 W Line St, Bishop",32670,222760,605747,4519,2702,Inyo
37.36176,-118.43617,"3095 W Line St, Bishop",30927,537958,605747,800,-1017,Inyo
37.36159,-118.43649,"3103 W Line St, Bishop",11325,175872,605747,5073,3255,Inyo
37.36216,-118.43461,"3019 Milovich Dr, Bishop",8276,449393,605747,1845,28,Inyo
37.36186,-118.43461,"3019 W Line St A, Bishop",9601,542737,605747,744,-1074,Inyo
37.3618,-118.43804,"3205 W Line St, Bishop",34848,113550,605747,5808,3991,Inyo
37.36259,-118.43609,"3071 W Line St # A, Bishop",43560,638059,638059,0,-1914,Inyo
37.3616,-118.43546,"3061 W Line St, Bishop",13297,302843,605747,3574,1757,Inyo
37.362,-118.43539,"3061 W Line St # A, Bishop",21344,509027,605747,1141,-676,Inyo
37.36219,-118.43425,"2989 Milovich Dr, Bishop",9583,265530,605747,4015,2197,Inyo
37.36246,-118.4346,"3019 Milovich Dr, Bishop",9147,441016,605747,1944,127,Inyo
37.36254,-118.43425,"2989 W Line St C, Bishop",11761,177087,605747,5058,3241,Inyo
37.36242,-118.435,"3031 W Line St, Bishop",66646,337389,605747,3167,1349,Inyo
37.36289,-118.43411,"2989 W Line St D, Bishop",19166,275691,605747,3895,2077,Inyo
37.36268,-118.43555,"3059 W Line St, Bishop",36590,523492,605747,971,-847,Inyo
37.36159,-118.43363,"2969 W Line St, Bishop",10454,213886,605747,4624,2807,Inyo
37.36231,-118.43394,"2977 W Line St A, Bishop",32670,287801,605747,3752,1935,Inyo
37.36158,-118.43398,"2977 W Line St, Bishop",13503,136542,605747,5537,3719,Inyo
37.36207,-118.43352,"2971 W Line St, Bishop",34412,498369,605747,1267,-550,Inyo
37.36164,-118.43339,"2963 West Line St, Bishop",12196,553973,605747,611,-1206,Inyo
37.37464,-118.41723,"1255 Early Pond Ln, Bishop",18730,299034,605747,3619,1802,Inyo
37.37421,-118.41703,"1231 Early Pond Ln, Bishop",32670,519680,605747,1016,-802,Inyo
37.37431,-118.41518,"2251 Early Pond Ln, Bishop",20908,442125,605747,1931,113,Inyo
37.3747,-118.4155,"2236 Early Pond Ln, Bishop",139827,131409,605747,5597,3780,Inyo
37.37423,-118.4156,"2277 Early Pond Ln, Bishop",16252,63340,605747,6400,4583,Inyo
37.37428,-118.41598,"2297 Early Pond Ln, Bishop",15100,102839,605747,5934,4117,Inyo
37.37427,-118.41637,"2317 Early Pond Ln, Bishop",19636,671058,671058,0,-2013,Inyo
37.37463,-118.41674,"1266 Early Pond Ln, Bishop",30492,387465,605747,2576,758,Inyo
37.3743,-118.41412,"2211 Early Pond Ln, Bishop",19166,228888,605747,4447,2630,Inyo
37.37486,-118.4142,"85 See Vee Ln, Bishop",30492,245165,605747,4255,2438,Inyo
37.37516,-118.41574,"2256 N Sierra Hwy, Bishop",12448,173018,605747,5106,3289,Inyo
37.36055,-118.43505,"3047 Birch St, Bishop",8640,73454,605747,6281,4464,Inyo
37.36055,-118.43527,"3055 Birch St, Bishop",8640,338880,605747,3149,1332,Inyo
37.36055,-118.43549,"3063 Birch St, Bishop",8640,149150,605747,5388,3571,Inyo
37.36055,-118.43571,"3071 Birch St, Bishop",8640,361032,605747,2888,1070,Inyo
37.36055,-118.43593,"3083 Birch St, Bishop",8775,301343,605747,3592,1775,Inyo
37.36055,-118.43616,"196 Meadow Ln, Bishop",9364,340500,605747,3130,1313,Inyo
37.36092,-118.43616,"3096 W Line St, Bishop",9780,191628,605747,4887,3069,Inyo
37.36092,-118.43593,"3082 W Line St, Bishop",9100,232111,605747,4409,2592,Inyo
37.36092,-118.43571,"3070 West Line St, Bishop",8879,476931,605747,1520,-297,Inyo
37.36092,-118.43549,"3062 W Line St, Bishop",8844,222142,605747,4527,2709,Inyo
37.36092,-118.43527,"3054 W Line St, Bishop",7889,204372,605747,4736,2919,Inyo
37.36092,-118.43505,"3046 W Line St, Bishop",8683,377400,605747,2694,877,Inyo
37.36092,-118.4348,"3040 W Line St, Bishop",10665,169855,605747,5144,3326,Inyo
37.36055,-118.4348,"3039 Birch St, Bishop",10665,261345,605747,4064,2247,Inyo
37.35957,-118.43496,"230 Mesquite Rd, Bishop",10560,261348,605747,4064,2247,Inyo
37.35904,-118.43496,"266 Mesquite Rd, Bishop",10560,488988,605747,1378,-439,Inyo
37.35939,-118.43496,"242 Mesquite Rd, Bishop",10560,404607,605747,2373,556,Inyo
37.35869,-118.43496,"286 Mesquite Rd, Bishop",10560,59746,605747,6443,4626,Inyo
37.35887,-118.43496,"274 Mesquite Rd, Bishop",10560,289643,605747,3730,1913,Inyo
37.35922,-118.43496,"254 Mesquite Rd, Bishop",10560,233809,605747,4389,2572,Inyo
37.3601,-118.43495,"3040 Birch St, Bishop",11299,167240,605747,5174,3357,Inyo
37.35992,-118.43496,"210 Mesquite Rd, Bishop",10560,296106,605747,3654,1837,Inyo
37.35975,-118.43496,"218 Mesquite Rd, Bishop",10560,485793,605747,1415,-402,Inyo
37.35851,-118.43495,"292 Mesquite Rd, Bishop",11299,301860,605747,3586,1769,Inyo
37.3601,-118.43567,"205 Mesquite Rd, Bishop",8539,390857,605747,2536,718,Inyo
37.35992,-118.43567,"211 Mesquite Rd, Bishop",8000,275070,605747,3902,2085,Inyo
37.35974,-118.43567,"219 Mesquite Rd, Bishop",8000,192157,605747,4880,3063,Inyo
37.35957,-118.43566,"231 Mesquite Rd, Bishop",8000,207466,605747,4700,2882,Inyo
37.35939,-118.43566,"243 Mesquite Rd, Bishop",8000,411619,605747,2291,473,Inyo
37.35922,-118.43566,"255 Mesquite Rd, Bishop",8000,270320,605747,3958,2141,Inyo
37.35904,-118.43566,"267 Mesquite Rd, Bishop",8000,432806,605747,2041,223,Inyo
37.35887,-118.43566,"275 Mesquite Rd, Bishop",8000,235129,605747,4373,2556,Inyo
37.35869,-118.43566,"287 Mesquite Rd, Bishop",8000,301343,605747,3592,1775,Inyo
37.35851,-118.43566,"291 Mesquite Rd, Bishop",8000,230393,605747,4429,2612,Inyo
37.35833,-118.43569,"201 Pinon Rd, Bishop",8276,203563,605747,4746,2929,Inyo
37.35817,-118.43591,"269 Pinon Rd, Bishop",7841,351819,605747,2996,1179,Inyo
37.35802,-118.43613,"298 Meadow Ln, Bishop",7841,199347,605747,4796,2978,Inyo
37.35832,-118.43612,"294 Meadow Ln, Bishop",8216,512463,605747,1101,-716,Inyo
37.35851,-118.43608,"292 Meadow Ln, Bishop",7680,238606,605747,4332,2515,Inyo
37.35869,-118.43608,"286 Meadow Ln, Bishop",7680,353973,605747,2971,1154,Inyo
37.35887,-118.43609,"274 Meadow Ln, Bishop",7680,362613,605747,2869,1052,Inyo
37.35904,-118.43609,"266 Meadow Ln, Bishop",7680,287481,605747,3756,1938,Inyo
37.35922,-118.43609,"254 Meadow Ln, Bishop",7680,62474,605747,6411,4593,Inyo
37.35939,-118.43609,"242 Meadow Ln, Bishop",7680,255113,605747,4137,2320,Inyo
37.35957,-118.43609,"230 Meadow Ln, Bishop",7680,310139,605747,3488,1671,Inyo
37.35974,-118.43609,"218 Meadow Ln, Bishop",7680,587826,605747,211,-1606,Inyo
37.35992,-118.43609,"210 Meadow Ln, Bishop",7680,366757,605747,2820,1003,Inyo
37.3601,-118.43609,"202 Meadow Ln, Bishop",8194,255802,605747,4129,2312,Inyo
37.35992,-118.43672,"211 Meadow Ln, Bishop",8320,166524,605747,5183,3366,Inyo
37.35974,-118.43672,"219 Meadow Ln, Bishop",8320,514153,605747,1081,-736,Inyo
37.35957,-118.43672,"231 Meadow Ln, Bishop",8320,192162,605747,4880,3063,Inyo
37.35939,-118.43671,"243 Meadow Ln, Bishop",8320,344120,605747,3087,1270,Inyo
37.35922,-118.43671,"255 Meadow Ln, Bishop",8320,351471,605747,3000,1183,Inyo
37.35904,-118.43671,"267 Meadow Ln, Bishop",8320,236795,605747,4354,2536,Inyo
37.35886,-118.43671,"275 Meadow Ln, Bishop",8320,291324,605747,3710,1893,Inyo
37.35869,-118.43671,"287 Meadow Ln, Bishop",8320,269178,605747,3972,2154,Inyo
37.35851,-118.43672,"291 Meadow Ln, Bishop",8884,366971,605747,2818,1000,Inyo
37.3601,-118.43672,"3104 Birch St, Bishop",8884,225806,605747,4483,2666,Inyo
37.35775,-118.43511,"3053 Laurel Rd, Bishop",7800,288047,605747,3749,1932,Inyo
37.35771,-118.43536,"3081 Laurel Rd, Bishop",8427,357258,605747,2932,1115,Inyo
37.35771,-118.43574,"296 Pinon Rd, Bishop",7538,304821,605747,3551,1734,Inyo
37.35788,-118.43555,"270 Pinon Rd, Bishop",8100,390646,605747,2538,721,Inyo
37.35806,-118.43534,"202 Pinon Rd, Bishop",8092,298843,605747,3621,1804,Inyo
37.35808,-118.43511,"3060 Cedar St, Bishop",7982,226261,605747,4478,2661,Inyo
37.35775,-118.43483,"3037 Laurel Rd, Bishop",11280,229991,605747,4434,2617,Inyo
37.35808,-118.43484,"3044 Cedar St, Bishop",11543,652800,652800,0,-1958,Inyo
37.35723,-118.43511,"302 Mesquite Rd, Bishop",8754,446818,605747,1875,58,Inyo
37.35723,-118.43483,"3040 Laurel Rd, Bishop",12610,270192,605747,3960,2142,Inyo
37.35815,-118.43672,"295 Meadow Ln, Bishop",9530,457980,605747,1744,-74,Inyo
37.35794,-118.43671,"297 Meadow Ln, Bishop",10850,429468,605747,2080,263,Inyo
37.35775,-118.4365,"299 Meadow Ln, Bishop",8152,448799,605747,1852,35,Inyo
37.35765,-118.43672,"305 Pinon Rd, Bishop",9600,342368,605747,3108,1291,Inyo
37.35746,-118.43681,"317 Pinon Rd, Bishop",7166,384728,605747,2608,791,Inyo
37.35721,-118.43676,"333 Pinon Rd, Bishop",10820,160753,605747,5251,3434,Inyo
37.35716,-118.43642,"320 Pinon Rd, Bishop",9225,350093,605747,3017,1199,Inyo
37.35725,-118.43618,"308 Pinon Rd, Bishop",8450,364590,605747,2846,1028,Inyo
37.35742,-118.43606,"3096 Laurel Rd, Bishop",7224,206396,605747,4712,2895,Inyo
37.35723,-118.43584,"3080 Laurel Rd, Bishop",10566,92431,605747,6057,4240,Inyo
37.35723,-118.43558,"305 Mesquite Rd, Bishop",10600,211538,605747,4652,2834,Inyo
37.36034,-118.43265,"176 Pa Me Ln (Alley), Bishop",10890,149145,605747,5388,3571,Inyo
37.35236,-118.43962,"560 Watterson Rd, Bishop",9583,124700,605747,5676,3859,Inyo
37.35236,-118.43991,"550 Watterson Rd, Bishop",9567,575000,605747,363,-1454,Inyo
37.35272,-118.43936,"530 Watterson Rd, Bishop",13503,499392,605747,1255,-562,Inyo
37.35235,-118.43905,"580 Watterson Rd, Bishop",10890,121995,605747,5708,3891,Inyo
37.35373,-118.42835,"2735 Highland Dr, Bishop",20000,373122,605747,2745,928,Inyo
37.35373,-118.42869,"2743 Highland Dr, Bishop",20000,302201,605747,3582,1765,Inyo
37.35373,-118.42904,"2747 Highland Dr, Bishop",20000,811822,811822,0,-2435,Inyo
37.35373,-118.42938,"2761 Highland Dr, Bishop",20000,600756,605747,59,-1758,Inyo
37.35373,-118.42973,"2771 Highland Dr, Bishop",20000,440333,605747,1952,135,Inyo
37.35373,-118.43007,"2781 Highland Dr, Bishop",20000,424157,605747,2143,326,Inyo
37.35309,-118.43166,"2820 Highland Dr, Bishop",47960,711137,711137,0,-2133,Inyo
37.35305,-118.43071,"2800 Highland Dr, Bishop",26600,682356,682356,0,-2047,Inyo
37.35305,-118.43025,"2790 Highland Dr, Bishop",26800,298994,605747,3620,1802,Inyo
37.35305,-118.42905,"2760 Highland Dr, Bishop",20000,393200,605747,2508,691,Inyo
37.35305,-118.42871,"2750 Highland Dr, Bishop",20000,627258,627258,0,-1882,Inyo
37.35305,-118.42836,"2740 Highland Dr, Bishop",20000,297973,605747,3632,1814,Inyo
37.35305,-118.42979,"2780 Highland Dr, Bishop",26600,124041,605747,5684,3867,Inyo
37.35305,-118.42939,"2770 Highland Dr, Bishop",20000,416048,605747,2238,421,Inyo
37.3525,-118.42939,"2741 Sunset Rd, Bishop",20000,651404,651404,0,-1954,Inyo
37.3525,-118.43008,"2759 Sunset Rd, Bishop",20000,396273,605747,2472,655,Inyo
37.3525,-118.43045,"2765 Sunset Rd, Bishop",23950,493244,605747,1328,-490,Inyo
37.35184,-118.43046,"2766 Sunset Rd, Bishop",22169,455125,605747,1777,-40,Inyo
37.35184,-118.43009,"2760 Sunset Rd, Bishop",20000,420841,605747,2182,365,Inyo
37.35184,-118.42941,"2742 Sunset Rd, Bishop",20000,94987,605747,6027,4210,Inyo
37.35184,-118.42906,"2736 Sunset Rd, Bishop",20000,275736,605747,3894,2077,Inyo
37.35184,-118.42872,"2730 Sunset Rd, Bishop",20000,778255,778255,0,-2335,Inyo
37.35184,-118.42837,"2724 Sunset Rd, Bishop",20000,551188,605747,644,-1173,Inyo
37.35184,-118.42803,"2716 Sunset Rd, Bishop",20000,305722,605747,3540,1723,Inyo
37.35184,-118.42768,"2712 Sunset Rd, Bishop",20000,661966,661966,0,-1986,Inyo
37.35184,-118.42734,"2706 Sunset Rd, Bishop",20000,224993,605747,4493,2676,Inyo
37.3525,-118.42835,"2727 Sunset Rd, Bishop",20037,756292,756292,0,-2269,Inyo
37.3525,-118.4287,"2731 Sunset Rd, Bishop",20000,445885,605747,1886,69,Inyo
37.3525,-118.42904,"2735 Sunset Rd, Bishop",20000,108750,605747,5865,4047,Inyo
37.3525,-118.43077,"2769 Sunset Rd, Bishop",13200,429468,605747,2080,263,Inyo
37.35305,-118.42802,"2730 Highland Dr, Bishop",20000,334009,605747,3207,1389,Inyo
37.35305,-118.42768,"2720 Highland Dr, Bishop",20000,572604,605747,391,-1426,Inyo
37.3525,-118.43106,"2773 Sunset Rd, Bishop",20200,667100,667100,0,-2001,Inyo
37.35247,-118.43164,"2815 Sunset Rd, Bishop",50600,1214486,1214486,0,-3643,Inyo
37.35384,-118.43184,"507 Pa Me Ln, Bishop",13503,487093,605747,1400,-417,Inyo
37.35373,-118.42804,"2727 Highland Dr, Bishop",16000,498293,605747,1268,-549,Inyo
37.35187,-118.43171,"2810 Sunset Rd, Bishop",39380,821073,821073,0,-2463,Inyo
37.35184,-118.43125,"2800 Sunset Rd, Bishop",17000,697066,697066,0,-2091,Inyo
37.35184,-118.43088,"2772 Sunset Rd, Bishop",26400,540436,605747,771,-1047,Inyo
37.35373,-118.43041,"2791 Highland Dr, Bishop",20000,492231,605747,1339,-478,Inyo
37.35373,-118.43076,"2801 Highland Dr, Bishop",20000,255268,605747,4136,2318,Inyo
37.35365,-118.43157,"2821 Highland Dr, Bishop",34848,936719,936719,0,-2810,Inyo
37.35374,-118.4311,"2811 Highland Dr, Bishop",20000,557842,605747,565,-1252,Inyo
37.35359,-118.4234,"2601 Highland Dr, Bishop",21500,468918,605747,1615,-203,Inyo
37.35373,-118.42636,"2677 Highland Dr, Bishop",20000,522258,605747,985,-832,Inyo
37.35373,-118.42509,"2635 Highland Dr, Bishop",20000,567289,605747,454,-1363,Inyo
37.35373,-118.42729,"2707 Highland Dr, Bishop",20800,385463,605747,2599,782,Inyo
37.35372,-118.42477,"2625 Highland Dr, Bishop",16800,205490,605747,4723,2906,Inyo
37.35372,-118.42449,"2617 Highland Dr, Bishop",16800,330608,605747,3247,1429,Inyo
37.35373,-118.42697,"2695 Highland Dr, Bishop",17000,306230,605747,3534,1717,Inyo
37.35373,-118.42668,"2689 Highland Dr, Bishop",17000,427179,605747,2107,290,Inyo
37.35373,-118.42541,"2645 Highland Dr, Bishop",17002,570581,605747,415,-1402,Inyo
37.35372,-118.42405,"2605 Highland Dr, Bishop",32600,800456,800456,0,-2401,Inyo
37.35305,-118.4262,"2670 Highland Dr, Bishop",15000,430931,605747,2063,246,Inyo
37.35305,-118.42594,"2660 Highland Dr, Bishop",15000,613967,613967,0,-1842,Inyo
37.35305,-118.42543,"2646 Highland Dr, Bishop",15000,217516,605747,4581,2764,Inyo
37.35306,-118.42414,"2610 Highland Dr, Bishop",15000,263553,605747,4038,2221,Inyo
37.35305,-118.42569,"2652 Highland Dr, Bishop",15000,561000,605747,528,-1289,Inyo
37.3525,-118.42801,"2717 Sunset Rd, Bishop",20000,354084,605747,2970,1152,Inyo
37.35305,-118.42517,"2638 Highland Dr, Bishop",15000,121830,605747,5710,3893,Inyo
37.35306,-118.42491,"2632 Highland Dr, Bishop",15000,279550,605747,3849,2032,Inyo
37.35305,-118.42672,"2690 Highland Dr, Bishop",15000,443836,605747,1911,93,Inyo
37.35305,-118.42646,"2680 Highland Dr, Bishop",15000,482849,605747,1450,-367,Inyo
37.3525,-118.42767,"2711 Sunset Rd, Bishop",20000,492154,605747,1340,-477,Inyo
37.3525,-118.42732,"2705 Sunset Rd, Bishop",20000,608927,608927,0,-1827,Inyo
37.3525,-118.42698,"2695 Sunset Rd, Bishop",20000,360551,605747,2893,1076,Inyo
37.3525,-118.42664,"2685 Sunset Rd, Bishop",20000,352299,605747,2991,1173,Inyo
37.3525,-118.42629,"2681 Sunset Rd, Bishop",20000,286943,605747,3762,1945,Inyo
37.3525,-118.42595,"2677 Sunset Rd, Bishop",20000,575164,605747,361,-1456,Inyo
37.3525,-118.4256,"2661 Sunset Rd, Bishop",20000,523247,605747,973,-844,Inyo
37.35251,-118.42526,"2649 Sunset Rd, Bishop",20000,773619,773619,0,-2321,Inyo
37.35251,-118.42491,"2637 Sunset Rd, Bishop",20000,579640,605747,308,-1509,Inyo
37.35251,-118.42412,"2607 Sunset Rd, Bishop",24308,532702,605747,862,-955,Inyo
37.35251,-118.4237,"2601 Sunset Rd, Bishop",24306,478815,605747,1498,-319,Inyo
37.35235,-118.42324,"595 S Barlow Ln, Bishop",11200,316008,605747,3419,1602,Inyo
37.35262,-118.42325,"565 S Barlow Ln, Bishop",16800,88059,605747,6109,4291,Inyo
37.35318,-118.4233,"2594 Highland Dr, Bishop",18700,468881,605747,1615,-202,Inyo
37.35309,-118.42383,"2600 Highland Dr, Bishop",19950,717876,717876,0,-2154,Inyo
37.35305,-118.42718,"2710 Highland Dr, Bishop",38000,765000,765000,0,-2295,Inyo
37.35306,-118.42466,"2626 Highland Dr, Bishop",14810,773937,773937,0,-2322,Inyo
37.35306,-118.4244,"2616 Highland Dr, Bishop",15000,284452,605747,3791,1974,Inyo
37.35185,-118.42448,"2624 Sunset Rd, Bishop",20000,446201,605747,1883,65,Inyo
37.35184,-118.427,"2700 Sunset Rd, Bishop",20000,629432,629432,0,-1888,Inyo
37.35184,-118.42665,"2692 Sunset Rd, Bishop",20000,446781,605747,1876,59,Inyo
37.35184,-118.42631,"2682 Sunset Rd, Bishop",20000,305683,605747,3541,1724,Inyo
37.35185,-118.42597,"2672 Sunset Rd, Bishop",20000,455623,605747,1771,-46,Inyo
37.35185,-118.42383,"2606 Sunset Rd, Bishop",17859,439720,605747,1959,142,Inyo
37.35185,-118.42415,"2618 Sunset Rd, Bishop",18730,377914,605747,2688,871,Inyo
37.35185,-118.42562,"2652 Sunset Rd, Bishop",20037,354640,605747,2963,1146,Inyo
37.35185,-118.42528,"2642 Sunset Rd, Bishop",20037,819734,819734,0,-2459,Inyo
37.35185,-118.42488,"2630 Sunset Rd, Bishop",26571,783580,783580,0,-2351,Inyo
37.35174,-118.42334,"625 S Barlow Ln, Bishop",23847,387083,605747,2580,763,Inyo
37.35058,-118.42343,"707 S Barlow Ln, Bishop",59538,376818,605747,2701,884,Inyo
37.3604,-118.43745,"3184 W Line St, Bishop",166834,326217,605747,3298,1481,Inyo
37.35949,-118.43719,"230 N Tumbleweed Rd, Bishop",12019,335654,605747,3187,1370,Inyo
37.35927,-118.43719,"242 North Tumbleweed Rd, Bishop",6981,526754,605747,932,-885,Inyo
37.35911,-118.43719,"254 North Tumbleweed Rd, Bishop",6960,490514,605747,1360,-457,Inyo
37.35874,-118.43719,"286 N Tumbleweed Rd, Bishop",8120,176023,605747,5071,3253,Inyo
37.35948,-118.43769,"231 N Tumbleweed Rd, Bishop",11451,293591,605747,3683,1866,Inyo
37.3591,-118.43769,"245 N Tumbleweed Rd, Bishop",7020,327834,605747,3279,1462,Inyo
37.35855,-118.43768,"291 N Tumbleweed Rd, Bishop",11935,411244,605747,2295,478,Inyo
37.35484,-118.43772,"3153 Indian Creek Dr, Bishop",13580,403250,605747,2389,572,Inyo
37.35482,-118.43738,"3141 Indian Creek Dr, Bishop",14250,319305,605747,3380,1563,Inyo
37.35482,-118.43708,"3127 Indian Creek Dr, Bishop",11400,359360,605747,2907,1090,Inyo
37.35482,-118.43682,"3115 Indian Creek Dr, Bishop",11250,599382,605747,75,-1742,Inyo
37.35482,-118.43657,"3103 Indian Creek Dr, Bishop",11250,244636,605747,4261,2444,Inyo
37.35482,-118.43631,"3089 Indian Creek Dr, Bishop",11250,316511,605747,3413,1596,Inyo
37.35482,-118.43605,"3077 Indian Creek Dr, Bishop",11250,499800,605747,1250,-567,Inyo
37.3548,-118.43579,"3065 Indian Creek Dr, Bishop",10399,579418,605747,311,-1507,Inyo
37.35423,-118.4359,"3072 Indian Creek Dr, Bishop",12000,521582,605747,993,-824,Inyo
37.35423,-118.43616,"3094 Indian Creek Dr, Bishop",12000,530603,605747,887,-931,Inyo
37.35423,-118.43693,"3120 Indian Creek Dr, Bishop",12000,485766,605747,1416,-401,Inyo
37.35423,-118.43745,"3144 Indian Creek Dr, Bishop",11800,401329,605747,2412,595,Inyo
37.35422,-118.43773,"3156 Indian Creek Dr, Bishop",11798,580171,605747,302,-1515,Inyo
37.35423,-118.43564,"3060 Indian Creek Dr, Bishop",12000,535782,605747,826,-992,Inyo
37.35423,-118.43665,"3106 Indian Creek Dr, Bishop",14106,497515,605747,1277,-540,Inyo
37.35484,-118.43511,"3041 Indian Creek Dr, Bishop",13234,254989,605747,4139,2322,Inyo
37.35482,-118.43483,"3035 Indian Creek Dr, Bishop",11250,376803,605747,2702,884,Inyo
37.35482,-118.43457,"3023 Indian Creek Dr, Bishop",11250,280126,605747,3842,2025,Inyo
37.35482,-118.43431,"3011 Indian Creek Dr, Bishop",11250,494949,605747,1307,-510,Inyo
37.35482,-118.43406,"2989 Indian Creek Dr, Bishop",11250,285556,605747,3778,1961,Inyo
37.35482,-118.4338,"2977 Indian Creek Dr, Bishop",11250,456104,605747,1766,-51,Inyo
37.35482,-118.43354,"2965 Indian Creek Dr, Bishop",11250,368848,605747,2795,978,Inyo
37.35482,-118.43328,"2953 Indian Creek Dr, Bishop",11250,176211,605747,5069,3251,Inyo
37.35482,-118.43303,"2941 Indian Creek Dr, Bishop",11250,84499,605747,6151,4333,Inyo
37.35482,-118.43277,"2929 Indian Creek Dr, Bishop",11250,431699,605747,2054,237,Inyo
37.35482,-118.43251,"2917 Indian Creek Dr, Bishop",11250,274186,605747,3912,2095,Inyo
37.35482,-118.43224,"2905 Indian Creek Dr, Bishop",12512,484682,605747,1429,-389,Inyo
37.35423,-118.43224,"2906 Indian Creek Dr, Bishop",13683,730000,730000,0,-2190,Inyo
37.35423,-118.4325,"2918 Indian Creek Dr, Bishop",12000,205451,605747,4723,2906,Inyo
37.35423,-118.43276,"2930 Indian Creek Dr, Bishop",12000,495056,605747,1306,-511,Inyo
37.35423,-118.43302,"2942 Indian Creek Dr, Bishop",12000,283055,605747,3808,1991,Inyo
37.35423,-118.43328,"2954 Indian Creek Dr, Bishop",12000,560865,605747,530,-1288,Inyo
37.35423,-118.43353,"2966 Indian Creek Dr, Bishop",12000,409597,605747,2315,497,Inyo
37.35423,-118.43379,"2978 Indian Creek Dr, Bishop",12000,591600,605747,167,-1650,Inyo
37.35423,-118.43405,"2990 Indian Creek Dr, Bishop",12000,660513,660513,0,-1982,Inyo
37.35423,-118.43431,"3012 Indian Creek Dr, Bishop",12000,497189,605747,1281,-536,Inyo
37.35423,-118.43457,"3024 Indian Creek Dr, Bishop",12000,670417,670417,0,-2011,Inyo
37.35424,-118.43489,"3038 Indian Creek Dr, Bishop",18032,355957,605747,2948,1130,Inyo
37.35957,-118.43235,"206 Pa Me Ln, Bishop",9158,654617,654617,0,-1964,Inyo
37.35957,-118.43277,"205 Wildrose Ln, Bishop",9160,332843,605747,3220,1403,Inyo
37.35936,-118.43234,"224 Pa Me Ln, Bishop",9252,174769,605747,5086,3268,Inyo
37.35936,-118.43277,"223 Wildrose Ln, Bishop",9252,510000,605747,1130,-687,Inyo
37.35916,-118.43234,"236 Pa Me Ln, Bishop",8638,452669,605747,1806,-11,Inyo
37.35916,-118.43277,"235 Wildrose Ln, Bishop",8640,535806,605747,825,-992,Inyo
37.35897,-118.43234,"248 Pa Me Ln, Bishop",8647,305481,605747,3543,1726,Inyo
37.35897,-118.43277,"247 Wildrose Ln, Bishop",8647,336467,605747,3177,1360,Inyo
37.35878,-118.43234,"266 Pa Me Ln, Bishop",8649,454621,605747,1783,-34,Inyo
37.35878,-118.43276,"265 Wildrose Ln, Bishop",8649,335550,605747,3188,1371,Inyo
37.35859,-118.43234,"278 Pa Me Ln, Bishop",8656,250500,605747,4192,2375,Inyo
37.35859,-118.43276,"277 Wildrose Ln, Bishop",8658,166629,605747,5182,3364,Inyo
37.3584,-118.43234,"290 Pa Me Ln, Bishop",8661,401570,605747,2409,592,Inyo
37.3584,-118.43276,"289 Wildrose Ln, Bishop",8659,196980,605747,4823,3006,Inyo
37.3582,-118.43233,"306 Pa Me Ln, Bishop",8662,356283,605747,2944,1126,Inyo
37.3582,-118.43276,"307 Wildrose Ln, Bishop",8662,375046,605747,2722,905,Inyo
37.35801,-118.43233,"318 Pa Me Ln, Bishop",8673,167283,605747,5174,3357,Inyo
37.35801,-118.43276,"319 Wildrose Ln, Bishop",8673,80765,605747,6195,4378,Inyo
37.35782,-118.43233,"330 Pa Me Ln, Bishop",8679,552038,605747,634,-1183,Inyo
37.35782,-118.43276,"331 Wildrose Ln, Bishop",8679,477882,605747,1509,-308,Inyo
37.35763,-118.43233,"342 Pa Me Ln, Bishop",8684,81200,605747,6190,4372,Inyo
37.35762,-118.43276,"343 Wildrose Ln, Bishop",8687,440021,605747,1956,138,Inyo
37.35743,-118.43233,"354 Pa Me Ln, Bishop",8979,80764,605747,6195,4378,Inyo
37.35743,-118.43276,"355 Wildrose Ln, Bishop",8979,15755,605747,6962,5145,Inyo
37.35723,-118.43233,"366 Pa Me Ln, Bishop",9321,353303,605747,2979,1162,Inyo
37.35723,-118.43275,"365 Wildrose Ln, Bishop",9321,193702,605747,4862,3045,Inyo
37.35702,-118.43233,"378 Pa Me Ln, Bishop",9322,440933,605747,1945,128,Inyo
37.35702,-118.43275,"377 Wildrose Ln, Bishop",9322,390316,605747,2542,725,Inyo
37.35682,-118.43233,"390 Pa Me Ln, Bishop",9236,190774,605747,4897,3079,Inyo
37.35682,-118.43275,"389 Wildrose Ln, Bishop",9242,463713,605747,1676,-141,Inyo
37.35682,-118.43339,"2951 Morningside Dr, Bishop",9241,539929,605747,777,-1041,Inyo
37.35681,-118.43382,"389 Grandview Rd, Bishop",9241,352826,605747,2984,1167,Inyo
37.35702,-118.43339,"378 Wildrose Ln, Bishop",9322,96518,605747,6009,4192,Inyo
37.35702,-118.43382,"377 Grandview Rd, Bishop",9322,623199,623199,0,-1870,Inyo
37.35723,-118.43339,"366 Wildrose Ln, Bishop",9318,250502,605747,4192,2375,Inyo
37.35723,-118.43382,"365 Grandview Rd, Bishop",9321,410412,605747,2305,488,Inyo
37.35743,-118.43339,"352 Wildrose Ln, Bishop",8976,626320,626320,0,-1879,Inyo
37.35743,-118.43382,"357 Grandview Rd, Bishop",8976,265771,605747,4012,2194,Inyo
37.35762,-118.4334,"340 Wildrose Ln, Bishop",8685,178843,605747,5037,3220,Inyo
37.35762,-118.43382,"345 Grandview Rd, Bishop",8684,468127,605747,1624,-193,Inyo
37.35782,-118.4334,"328 Wildrose Ln, Bishop",7631,388400,605747,2565,747,Inyo
37.35782,-118.43382,"333 Grandview Rd, Bishop",8680,171220,605747,5127,3310,Inyo
37.35801,-118.4334,"316 Wildrose Ln, Bishop",8675,510000,605747,1130,-687,Inyo
37.35801,-118.43382,"321 Grandview Rd, Bishop",8673,371350,605747,2766,949,Inyo
37.3582,-118.4334,"304 Wildrose Ln, Bishop",8670,267489,605747,3991,2174,Inyo
37.3582,-118.43382,"309 Grandview Rd, Bishop",8666,624559,624559,0,-1874,Inyo
37.35839,-118.4334,"288 Wildrose Ln, Bishop",8664,394985,605747,2487,670,Inyo
37.35839,-118.43383,"291 Grandview Rd, Bishop",8664,404201,605747,2378,561,Inyo
37.35859,-118.4334,"276 Wildrose Ln, Bishop",8658,270483,605747,3956,2139,Inyo
37.35859,-118.43383,"279 Grandview Rd, Bishop",8655,204809,605747,4731,2914,Inyo
37.35878,-118.4334,"264 Wildrose Ln, Bishop",8650,657900,657900,0,-1974,Inyo
37.35878,-118.43383,"267 Grandview Rd, Bishop",8652,214662,605747,4615,2798,Inyo
37.35897,-118.4334,"246 Wildrose Ln, Bishop",8645,357154,605747,2933,1116,Inyo
37.35897,-118.43383,"249 Grandview Rd, Bishop",8645,364485,605747,2847,1030,Inyo
37.35916,-118.4334,"234 Wildrose Ln, Bishop",8638,190787,605747,4897,3079,Inyo
37.35916,-118.43383,"237 Grandview Rd, Bishop",8640,542294,605747,749,-1068,Inyo
37.35936,-118.4334,"222 Wildrose Ln, Bishop",9252,259722,605747,4083,2266,Inyo
37.35936,-118.43383,"225 Grandview Rd, Bishop",9252,258649,605747,4096,2279,Inyo
37.35957,-118.4334,"204 Wildrose Ln, Bishop",9160,137660,605747,5523,3706,Inyo
37.35957,-118.43383,"207 Grandview Rd, Bishop",9160,384185,605747,2614,797,Inyo
37.35941,-118.43445,"226 Grandview Rd, Bishop",8362,177440,605747,5054,3237,Inyo
37.35923,-118.43445,"238 Grandview Rd, Bishop",8362,499392,605747,1255,-562,Inyo
37.35905,-118.43445,"250 Grandview Rd, Bishop",8371,446665,605747,1877,60,Inyo
37.35887,-118.43445,"268 Grandview Rd, Bishop",8376,288252,605747,3746,1929,Inyo
37.35869,-118.43445,"280 Grandview Rd, Bishop",8382,627300,627300,0,-1882,Inyo
37.35851,-118.43445,"3029 E Cedar St, Bishop",8298,455125,605747,1777,-40,Inyo
37.35814,-118.43446,"3030 Cedar St, Bishop",9494,452454,605747,1809,-8,Inyo
37.35792,-118.43445,"324 Grandview Rd, Bishop",10314,225663,605747,4485,2668,Inyo
37.3577,-118.43446,"3025 Laurel Rd, Bishop",10232,127806,605747,5640,3822,Inyo
37.35732,-118.43444,"3028 Laurel Rd, Bishop",8210,350159,605747,3016,1199,Inyo
37.35714,-118.43444,"366 Grandview Rd, Bishop",8298,345400,605747,3072,1255,Inyo
37.35688,-118.43434,"3011 Morningside Dr, Bishop",8664,233340,605747,4394,2577,Inyo
37.35688,-118.43458,"3023 Morningside Dr, Bishop",8750,380665,605747,2656,839,Inyo
37.35963,-118.43445,"208 Grandview Rd, Bishop",11838,386426,605747,2588,771,Inyo
37.35645,-118.43233,"406 Pa Me Ln, Bishop",8648,245602,605747,4250,2432,Inyo
37.35645,-118.43275,"405 Wildrose Ln, Bishop",8650,255994,605747,4127,2310,Inyo
37.35626,-118.43232,"408 Pa Me Ln, Bishop",8724,343175,605747,3098,1281,Inyo
37.35626,-118.43275,"417 Wildrose Ln, Bishop",8739,262316,605747,4052,2235,Inyo
37.35607,-118.43232,"430 Pa Me Ln, Bishop",8743,443700,605747,1912,95,Inyo
37.35607,-118.43275,"429 Wildrose Ln, Bishop",8741,311907,605747,3467,1650,Inyo
37.35588,-118.43232,"442 Pa Me Ln, Bishop",8746,230519,605747,4428,2610,Inyo
37.35588,-118.43275,"441 Wildrose Ln, Bishop",8743,375384,605747,2718,901,Inyo
37.35568,-118.43275,"453 Wildrose Ln, Bishop",9158,308880,605747,3503,1686,Inyo
37.35567,-118.43337,"454 Wildrose Ln, Bishop",9172,452669,605747,1806,-11,Inyo
37.35567,-118.4338,"453 Grandview Rd, Bishop",9177,520200,605747,1009,-808,Inyo
37.35587,-118.43337,"442 Wildrose Ln, Bishop",8746,334650,605747,3199,1382,Inyo
37.35587,-118.4338,"441 Grandview Rd, Bishop",8745,343850,605747,3090,1273,Inyo
37.35606,-118.43337,"430 Wildrose Ln, Bishop",8741,417393,605747,2223,405,Inyo
37.35606,-118.4338,"429 Grandview Rd, Bishop",8741,370799,605747,2772,955,Inyo
37.35625,-118.43337,"418 Wildrose Ln, Bishop",8737,118331,605747,5752,3934,Inyo
37.35626,-118.4338,"417 Grandview Rd, Bishop",8737,347184,605747,3051,1234,Inyo
37.35645,-118.43337,"406 Wildrose Ln, Bishop",8650,563834,605747,495,-1323,Inyo
37.35645,-118.4338,"405 Grandview Rd, Bishop",8650,480157,605747,1482,-335,Inyo
37.35645,-118.43448,"406 Grandview Rd, Bishop",10170,263623,605747,4037,2220,Inyo
37.35645,-118.43498,"3099 Mesquite Rd, Bishop",10174,509054,605747,1141,-676,Inyo
37.35626,-118.43448,"418 Grandview Rd, Bishop",10262,335090,605747,3194,1377,Inyo
37.35626,-118.43498,"3087 Mesquite Rd, Bishop",10262,193040,605747,4870,3053,Inyo
37.35607,-118.43448,"430 Grandview Rd, Bishop",10267,197212,605747,4821,3003,Inyo
37.35607,-118.43498,"3075 Mesquite Rd, Bishop",10266,361824,605747,2878,1061,Inyo
37.35587,-118.43448,"442 Grandview Rd, Bishop",10269,419548,605747,2197,380,Inyo
37.35587,-118.43498,"3063 Mesquite Rd, Bishop",10265,204520,605747,4734,2917,Inyo
37.35568,-118.43448,"454 Grandview Rd, Bishop",10753,399015,605747,2439,622,Inyo
37.35569,-118.43494,"3051 Mesquite Rd, Bishop",8704,185250,605747,4962,3145,Inyo
37.35531,-118.43232,"472 Pa Me Ln, Bishop",8043,540374,605747,771,-1046,Inyo
37.35512,-118.43231,"484 Pa Me Ln, Bishop",9375,313874,605747,3444,1627,Inyo
37.35521,-118.43263,"2918 Mesquite Rd, Bishop",9184,432131,605747,2049,231,Inyo
37.35521,-118.43286,"2930 Mesquite Rd, Bishop",9240,197375,605747,4819,3002,Inyo
37.35521,-118.43309,"2942 Mesquite Rd, Bishop",9240,281755,605747,3823,2006,Inyo
37.35521,-118.43331,"2954 Mesquite Rd, Bishop",9240,425451,605747,2127,310,Inyo
37.35521,-118.43356,"2966 Mesquite Rd, Bishop",10500,397152,605747,2461,644,Inyo
37.35522,-118.43381,"2978 Mesquite Rd, Bishop",10500,254836,605747,4141,2324,Inyo
37.35522,-118.43407,"2990 Mesquite Rd, Bishop",10500,116815,605747,5769,3952,Inyo
37.35522,-118.43433,"3012 Mesquite Rd, Bishop",10500,79518,605747,6209,4392,Inyo
37.35522,-118.43459,"3024 Mesquite Rd, Bishop",10500,299885,605747,3609,1792,Inyo
37.35589,-118.43569,"3064 Mesquite Rd, Bishop",11517,215419,605747,4606,2789,Inyo
37.35611,-118.43568,"3076 Mesquite Rd, Bishop",10500,215771,605747,4602,2784,Inyo
37.35638,-118.43556,"3054 Morningside Dr, Bishop",8750,545813,605747,707,-1110,Inyo
37.35638,-118.4358,"3066 Morningside Dr, Bishop",8750,93269,605747,6047,4230,Inyo
37.35638,-118.43604,"3078 Morningside Dr, Bishop",8750,167465,605747,5172,3354,Inyo
37.35634,-118.43637,"3084 Morningside Dr, Bishop",17200,256955,605747,4116,2299,Inyo
37.35688,-118.43483,"3035 Morningside Dr, Bishop",8750,352310,605747,2991,1173,Inyo
37.35688,-118.43509,"3041 Morningside Dr, Bishop",10254,400604,605747,2421,603,Inyo
37.35689,-118.43556,"3053 Morningside Dr, Bishop",8664,524978,605747,953,-864,Inyo
37.35689,-118.4358,"3065 Morningside Dr, Bishop",8750,241312,605747,4300,2483,Inyo
37.35689,-118.43604,"3077 Morningside Dr, Bishop",8750,289785,605747,3728,1911,Inyo
37.35689,-118.43629,"3083 Morningside Dr, Bishop",9550,497622,605747,1276,-541,Inyo
37.35521,-118.43499,"3036 Mesquite Rd, Bishop",22268,388520,605747,2563,746,Inyo
37.35558,-118.43558,"3050 Mesquite Rd, Bishop",24022,492453,605747,1337,-480,Inyo
37.35592,-118.43615,"3075 S Tumbleweed Rd, Bishop",25657,678935,678935,0,-2037,Inyo
37.35521,-118.43606,"3084 South Tumbleweed Rd, Bishop",16325,575000,605747,363,-1454,Inyo
37.35525,-118.43637,"3096 S Tumbleweed Rd, Bishop",11200,647700,647700,0,-1943,Inyo
37.35525,-118.43661,"3106 S Tumbleweed Rd, Bishop",11200,102261,605747,5941,4124,Inyo
37.35525,-118.43685,"3118 S Tumbleweed Rd, Bishop",11200,387946,605747,2570,753,Inyo
37.35525,-118.43709,"3130 S Tumbleweed Rd, Bishop",11200,140012,605747,5496,3678,Inyo
37.3552,-118.43739,"3142 S Tumbleweed Rd, Bishop",15627,531448,605747,877,-941,Inyo
37.35529,-118.43768,"3154 S Tumbleweed Rd, Bishop",19080,516030,605747,1059,-759,Inyo
37.35598,-118.43766,"440 S Tumbleweed Rd, Bishop",10125,493963,605747,1319,-498,Inyo
37.35619,-118.43767,"416 S Tumbleweed Rd, Bishop",10125,324217,605747,3322,1505,Inyo
37.35639,-118.43767,"412 S Tumbleweed Rd, Bishop",10125,297149,605747,3641,1824,Inyo
37.3566,-118.43767,"392 S Tumbleweed Rd, Bishop",10125,116316,605747,5775,3958,Inyo
37.35681,-118.43768,"384 S Tumbleweed Rd, Bishop",10125,130436,605747,5609,3791,Inyo
37.35719,-118.43766,"376 S Tumbleweed Rd, Bishop",55756,278046,605747,3867,2050,Inyo
37.35673,-118.437,"393 S Tumbleweed Rd, Bishop",20037,357176,605747,2933,1116,Inyo
37.35642,-118.43689,"405 S Tumbleweed Rd, Bishop",16553,780299,780299,0,-2341,Inyo
37.35618,-118.43686,"417 S Tumbleweed Rd, Bishop",17424,274219,605747,3912,2095,Inyo
37.35585,-118.43711,"3129 S Tumbleweed Rd, Bishop",11325,331484,605747,3236,1419,Inyo
37.35585,-118.43685,"3117 S Tumbleweed Rd, Bishop",12320,370522,605747,2776,958,Inyo
37.35567,-118.43766,"464 S Tumbleweed Rd, Bishop",20250,608634,608634,0,-1826,Inyo
37.35584,-118.43655,"3105 S Tumbleweed Rd, Bishop",14593,273416,605747,3922,2104,Inyo
37.34831,-118.42729,"2720 Sierra Vista Way, Bishop",11320,545469,605747,711,-1106,Inyo
37.34831,-118.42702,"2714 Sierra Vista Way, Bishop",11320,390088,605747,2545,728,Inyo
37.34831,-118.42674,"2708 Sierra Vista Way, Bishop",11320,292603,605747,3695,1878,Inyo
37.34831,-118.42647,"2702 Sierra Vista Way, Bishop",11320,507776,605747,1156,-661,Inyo
37.34831,-118.42619,"2692 Sierra Vista Way, Bishop",11320,716315,716315,0,-2149,Inyo
37.34831,-118.42592,"2678 Sierra Vista Way, Bishop",11320,609945,609945,0,-1830,Inyo
37.34831,-118.42564,"2668 Sierra Vista Way, Bishop",11320,262696,605747,4048,2231,Inyo
37.34831,-118.42536,"2662 Sierra Vista Way, Bishop",11320,294500,605747,3673,1855,Inyo
37.34832,-118.42509,"2656 Sierra Vista Way, Bishop",11320,691866,691866,0,-2076,Inyo
37.34832,-118.42481,"2650 Sierra Vista Way, Bishop",11320,565285,605747,477,-1340,Inyo
37.34832,-118.42454,"2638 Sierra Vista Way, Bishop",11320,258924,605747,4093,2275,Inyo
37.34832,-118.42426,"2626 Sierra Vista Way, Bishop",11320,541214,605747,761,-1056,Inyo
37.34832,-118.42399,"2620 Sierra Vista Way, Bishop",11320,531965,605747,871,-947,Inyo
37.34832,-118.42371,"2614 Sierra Vista Way, Bishop",11320,298987,605747,3620,1803,Inyo
37.34832,-118.42344,"2608 Sierra Vista Way, Bishop",11320,248806,605747,4212,2395,Inyo
37.34832,-118.42316,"817 S Barlow Ln, Bishop",11298,568680,605747,437,-1380,Inyo
37.34794,-118.42316,"2603 Glenbrook Way, Bishop",11298,444245,605747,1906,88,Inyo
37.34793,-118.42343,"2615 Glenbrook Way, Bishop",11320,579099,605747,314,-1503,Inyo
37.34793,-118.42371,"2621 Glenbrook Way, Bishop",11320,554494,605747,605,-1212,Inyo
37.34793,-118.42398,"2627 Glenbrook Way, Bishop",11320,453568,605747,1796,-22,Inyo
37.34793,-118.42426,"2629 Glenbrook Way, Bishop",11320,607241,607241,0,-1822,Inyo
37.34793,-118.42454,"2639 Glenbrook Way, Bishop",11320,507874,605747,1155,-662,Inyo
37.34793,-118.42481,"2657 Glenbrook Way, Bishop",11320,524976,605747,953,-864,Inyo
37.34793,-118.42508,"2661 Glenbrook Way, Bishop",11320,613320,613320,0,-1840,Inyo
37.34793,-118.42536,"2663 Glenbrook Way, Bishop",11320,650000,650000,0,-1950,Inyo
37.34792,-118.42564,"2669 Glenbrook Way, Bishop",11320,572220,605747,396,-1422,Inyo
37.34792,-118.42591,"2679 Glenbrook Way, Bishop",11320,478894,605747,1497,-320,Inyo
37.34792,-118.42619,"2693 Glenbrook Way, Bishop",11320,550000,605747,658,-1159,Inyo
37.34792,-118.42646,"2703 Glenbrook Way, Bishop",11320,586676,605747,225,-1592,Inyo
37.34792,-118.42674,"2707 Glenbrook Way, Bishop",11320,464227,605747,1670,-147,Inyo
37.34792,-118.42701,"2713 Glenbrook Way, Bishop",11320,510816,605747,1120,-697,Inyo
37.34792,-118.42729,"2719 Glenbrook Way, Bishop",11320,499128,605747,1258,-559,Inyo
37.34736,-118.42728,"2722 Glenbrook Way, Bishop",11320,107498,605747,5879,4062,Inyo
37.34737,-118.42701,"2716 Glenbrook Way, Bishop",11320,261234,605747,4065,2248,Inyo
37.34737,-118.42673,"2710 Glenbrook Way, Bishop",11320,307580,605747,3518,1701,Inyo
37.34737,-118.42646,"2704 Glenbrook Way, Bishop",11320,551412,605747,641,-1176,Inyo
37.34737,-118.42618,"2694 Glenbrook Way, Bishop",11320,283005,605747,3808,1991,Inyo
37.34737,-118.42591,"2680 Glenbrook Way, Bishop",11325,285267,605747,3782,1964,Inyo
37.34737,-118.42563,"2670 Glenbrook Way, Bishop",11320,398846,605747,2441,624,Inyo
37.34737,-118.42536,"2664 Glenbrook Way, Bishop",11320,395352,605747,2483,665,Inyo
37.34737,-118.42508,"2658 Glenbrook Way, Bishop",11320,196347,605747,4831,3014,Inyo
37.34737,-118.42481,"2652 Glenbrook Way, Bishop",11320,649456,649456,0,-1948,Inyo
37.34738,-118.42453,"2640 Glenbrook Way, Bishop",11320,256965,605747,4116,2298,Inyo
37.34738,-118.42426,"2628 Glenbrook Way, Bishop",11320,450124,605747,1836,19,Inyo
37.34738,-118.42398,"2622 Glenbrook Way, Bishop",11320,487439,605747,1396,-421,Inyo
37.34699,-118.42426,"2641 Underwood Ln, Bishop",11267,384451,605747,2611,794,Inyo
37.34699,-118.42453,"2647 Underwood Ln, Bishop",11268,236727,605747,4354,2537,Inyo
37.34699,-118.42481,"2659 Underwood Ln, Bishop",11272,765000,765000,0,-2295,Inyo
37.34699,-118.42508,"2665 Underwood Ln, Bishop",11274,317057,605747,3407,1589,Inyo
37.34698,-118.42536,"2671 Underwood Ln, Bishop",11277,562439,605747,511,-1306,Inyo
37.34698,-118.42563,"2681 Underwood Ln, Bishop",11280,392421,605747,2517,700,Inyo
37.34698,-118.42591,"2687 Underwood Ln, Bishop",11283,565000,605747,481,-1336,Inyo
37.34698,-118.42646,"2705 Underwood Ln, Bishop",11288,300209,605747,3605,1788,Inyo
37.34698,-118.42673,"2709 Underwood Ln, Bishop",11291,166940,605747,5178,3361,Inyo
37.34698,-118.42701,"2715 Underwood Ln, Bishop",11328,472973,605747,1567,-251,Inyo
37.34698,-118.42728,"2721 Underwood Ln, Bishop",11296,587826,605747,211,-1606,Inyo
37.34738,-118.42342,"2610 Glenbrook Way, Bishop",11037,692580,692580,0,-2078,Inyo
37.34738,-118.4237,"2616 Glenbrook Way, Bishop",11603,400107,605747,2427,609,Inyo
37.34699,-118.42398,"2629 Underwood Ln, Bishop",11264,228721,605747,4449,2632,Inyo
37.34699,-118.4237,"2623 Underwood Ln, Bishop",11259,622200,622200,0,-1867,Inyo
37.34699,-118.42343,"2617 Underwood Ln, Bishop",11259,447438,605747,1868,51,Inyo
37.34699,-118.42315,"2605 Underwood Ln, Bishop",11259,451779,605747,1817,0,Inyo
37.3469,-118.43072,"777 Orinda Dr, Bishop",12966,546599,605747,698,-1119,Inyo
37.34716,-118.43072,"759 Orinda Dr, Bishop",12006,295652,605747,3659,1842,Inyo
37.34739,-118.4307,"747 Orinda Dr, Bishop",12355,545115,605747,715,-1102,Inyo
37.34763,-118.4307,"735 Orinda Dr, Bishop",12238,538790,605747,790,-1027,Inyo
37.34786,-118.43071,"723 Orinda Dr, Bishop",12528,625000,625000,0,-1875,Inyo
37.3481,-118.43071,"711 Orinda Dr, Bishop",12513,330427,605747,3249,1432,Inyo
37.34829,-118.43008,"700 Orinda Dr, Bishop",14128,639953,639953,0,-1920,Inyo
37.3483,-118.42977,"2774 Sierra Vista Way, Bishop",11320,452621,605747,1807,-10,Inyo
37.3483,-118.42949,"2768 Sierra Vista Way, Bishop",11320,424674,605747,2137,319,Inyo
37.3483,-118.42922,"2762 Sierra Vista Way, Bishop",11320,461905,605747,1697,-120,Inyo
37.3483,-118.42894,"2756 Sierra Vista Way, Bishop",11320,315620,605747,3423,1606,Inyo
37.3483,-118.42867,"2750 Sierra Vista Way, Bishop",11320,582931,605747,269,-1548,Inyo
37.3483,-118.42839,"2744 Sierra Vista Way, Bishop",11320,377934,605747,2688,871,Inyo
37.3483,-118.42812,"2738 Sierra Vista Way, Bishop",11320,413926,605747,2263,446,Inyo
37.3483,-118.42784,"2732 Sierra Vista Way, Bishop",11320,304123,605747,3559,1742,Inyo
37.34831,-118.42757,"2726 Sierra Vista Way, Bishop",11320,657033,657033,0,-1971,Inyo
37.34792,-118.42756,"2725 Glenbrook Way, Bishop",11320,676260,676260,0,-2029,Inyo
37.34792,-118.42784,"2731 Glenbrook Way, Bishop",10520,262692,605747,4048,2231,Inyo
37.34791,-118.42812,"2737 Glenbrook Way, Bishop",11320,497936,605747,1272,-545,Inyo
37.34791,-118.42839,"2743 Glenbrook Way, Bishop",11320,243311,605747,4277,2460,Inyo
37.34791,-118.42866,"2749 Glenbrook Way, Bishop",11320,480099,605747,1483,-335,Inyo
37.34791,-118.42894,"2755 Glenbrook Way, Bishop",11320,299406,605747,3615,1798,Inyo
37.34791,-118.42922,"2761 Glenbrook Way, Bishop",11320,493731,605747,1322,-495,Inyo
37.34791,-118.42977,"2773 Glenbrook Way, Bishop",11320,243925,605747,4269,2452,Inyo
37.3479,-118.43008,"2779 Glenbrook Way, Bishop",14150,428539,605747,2091,274,Inyo
37.34735,-118.43007,"2782 Glenbrook Way, Bishop",14646,487486,605747,1395,-422,Inyo
37.34735,-118.42976,"2776 Glenbrook Way, Bishop",11320,282904,605747,3810,1992,Inyo
37.34735,-118.42949,"2770 Glenbrook Way, Bishop",11320,518750,605747,1027,-791,Inyo
37.34736,-118.42921,"2764 Glenbrook Way, Bishop",11320,473515,605747,1560,-257,Inyo
37.34736,-118.42894,"2758 Glenbrook Way, Bishop",11320,451503,605747,1820,3,Inyo
37.34736,-118.42866,"2752 Glenbrook Way, Bishop",11320,109991,605747,5850,4033,Inyo
37.34736,-118.42839,"2746 Glenbrook Way, Bishop",11320,141608,605747,5477,3660,Inyo
37.34736,-118.42811,"2740 Glenbrook Way, Bishop",11320,494877,605747,1308,-509,Inyo
37.34736,-118.42784,"2734 Glenbrook Way, Bishop",11320,491311,605747,1350,-467,Inyo
37.34736,-118.42756,"2728 Glenbrook Way, Bishop",11320,457624,605747,1748,-69,Inyo
37.34697,-118.42756,"2727 Underwood Ln, Bishop",11297,475009,605747,1543,-275,Inyo
37.34697,-118.42783,"2733 Underwood Ln, Bishop",11320,719816,719816,0,-2159,Inyo
37.34697,-118.42811,"2739 Underwood Ln, Bishop",11304,330646,605747,3246,1429,Inyo
37.34697,-118.42838,"2745 Underwood Ln, Bishop",11306,675000,675000,0,-2025,Inyo
37.34697,-118.42866,"2751 Underwood Ln, Bishop",11308,391877,605747,2524,706,Inyo
37.34697,-118.42893,"2757 Underwood Ln, Bishop",11311,434303,605747,2023,206,Inyo
37.34697,-118.42921,"2763 Underwood Ln, Bishop",11313,103744,605747,5924,4106,Inyo
37.34697,-118.42948,"2769 Underwood Ln, Bishop",11316,692756,692756,0,-2078,Inyo
37.34696,-118.42979,"2773 Underwood Ln, Bishop",13442,581466,605747,287,-1531,Inyo
37.3471,-118.43121,"2815 Underwood Ln, Bishop",33889,568453,605747,440,-1377,Inyo
37.34803,-118.43173,"2824 Sierra Vista Way, Bishop",58806,1380000,1380000,0,-4140,Inyo
37.34714,-118.43172,"2825 Underwood Ln, Bishop",45302,619225,619225,0,-1858,Inyo
37.34835,-118.43071,"2802 Sierra Vista Way, Bishop",14375,663000,663000,0,-1989,Inyo
37.34823,-118.4312,"2812 Sierra Vista Way, Bishop",26025,347213,605747,3051,1233,Inyo
37.34945,-118.42318,"2606 Irene Way, Bishop",14805,496834,605747,1285,-532,Inyo
37.34945,-118.42347,"2612 Irene Way, Bishop",13840,276842,605747,3881,2064,Inyo
37.34945,-118.42374,"2618 Irene Way, Bishop",13840,283743,605747,3800,1982,Inyo
37.34945,-118.42402,"2624 Irene Way, Bishop",13840,501139,605747,1234,-583,Inyo
37.34945,-118.42429,"2630 Irene Way, Bishop",13815,157951,605747,5284,3467,Inyo
37.34945,-118.42457,"2636 Irene Way, Bishop",13847,266485,605747,4003,2186,Inyo
37.34943,-118.42485,"2642 Irene Way, Bishop",12936,479668,605747,1488,-330,Inyo
37.34942,-118.42513,"2648 Irene Way, Bishop",12685,366185,605747,2827,1010,Inyo
37.34941,-118.42541,"2654 Irene Way, Bishop",12462,678300,678300,0,-2035,Inyo
37.34941,-118.42569,"2660 Irene Way, Bishop",11668,272752,605747,3929,2112,Inyo
37.34939,-118.42597,"2666 Irene Way, Bishop",11726,305788,605747,3540,1722,Inyo
37.34937,-118.42633,"2672 Irene Way, Bishop",18486,290911,605747,3715,1898,Inyo
37.34949,-118.42667,"2678 Irene Way, Bishop",24583,662120,662120,0,-1986,Inyo
37.34985,-118.42669,"2684 Irene Way, Bishop",15600,297089,605747,3642,1825,Inyo
37.3501,-118.42662,"2690 Irene Way, Bishop",13856,428252,605747,2094,277,Inyo
37.34998,-118.42593,"2655 Irene Way, Bishop",18120,486416,605747,1408,-409,Inyo
37.34998,-118.42557,"2649 Irene Way, Bishop",12653,614725,614725,0,-1844,Inyo
37.35002,-118.42527,"2643 Irene Way, Bishop",13876,292914,605747,3691,1874,Inyo
37.35005,-118.42499,"2637 Irene Way, Bishop",14868,789663,789663,0,-2369,Inyo
37.35006,-118.42467,"2631 Irene Way, Bishop",15581,114404,605747,5798,3981,Inyo
37.35007,-118.42436,"2625 Irene Way, Bishop",14038,384400,605747,2612,795,Inyo
37.35007,-118.42406,"2619 Irene Way, Bishop",13040,451275,605747,1823,6,Inyo
37.35007,-118.42377,"2613 Irene Way, Bishop",13020,312967,605747,3455,1638,Inyo
37.35007,-118.42348,"2607 Irene Way, Bishop",12984,415657,605747,2243,426,Inyo
37.35007,-118.42319,"2601 Irene Way, Bishop",13035,148191,605747,5399,3582,Inyo
37.34894,-118.42618,"2691 Sierra Vista Way, Bishop",16552,110285,605747,5846,4029,Inyo
37.34894,-118.42499,"2669 Sierra Vista Way, Bishop",33105,867000,867000,0,-2601,Inyo
37.34894,-118.42453,"2627 Sierra Vista Way, Bishop",19602,287242,605747,3758,1941,Inyo
37.34894,-118.42424,"2619 Sierra Vista Way, Bishop",13068,281941,605747,3821,2004,Inyo
37.34895,-118.42398,"2613 Sierra Vista Way, Bishop",16464,414188,605747,2260,443,Inyo
37.34895,-118.42369,"2609 Sierra Vista Way, Bishop",16552,790174,790174,0,-2371,Inyo
37.34908,-118.42325,"807 S Barlow Ln, Bishop",16552,576859,605747,341,-1476,Inyo
37.34881,-118.42325,"2603 Sierra Vista Way, Bishop",16552,566100,605747,468,-1349,Inyo
37.34894,-118.42591,"2685 Sierra Vista Way, Bishop",14810,486587,605747,1406,-411,Inyo
37.34894,-118.42553,"2681 Sierra Vista Way, Bishop",27878,533404,605747,854,-964,Inyo
37.35344,-118.44493,"111 Reata Rd, Bishop",304920,274191,605747,3912,2095,Inyo
37.36154,-118.43779,"3185 W Line St, Bishop",10890,287807,605747,3752,1934,Inyo
37.36152,-118.43747,"3165 W Line St, Bishop",10018,292314,605747,3699,1881,Inyo
37.36162,-118.43718,"118 Desiderata Ln, Bishop",10890,884340,884340,0,-2653,Inyo
37.36194,-118.43691,"122 Desiderata Ln, Bishop",8712,424907,605747,2134,317,Inyo
37.36219,-118.43738,"124 Desiderata Ln, Bishop",8712,622200,622200,0,-1867,Inyo
37.36238,-118.43749,"126 Desiderata Ln, Bishop",9583,295928,605747,3656,1839,Inyo
37.36261,-118.43745,"128 Desiderata Ln, Bishop",9147,591219,605747,171,-1646,Inyo
37.36277,-118.43712,"130 Desiderata Ln, Bishop",12632,882142,882142,0,-2646,Inyo
37.36261,-118.43679,"132 Desiderata Ln, Bishop",10454,902700,902700,0,-2708,Inyo
37.36247,-118.43656,"134 Desiderata Ln, Bishop",8712,702193,702193,0,-2107,Inyo
37.36287,-118.43651,"136 Desiderata Ln, Bishop",9583,333984,605747,3207,1390,Inyo
37.36288,-118.43766,"129 Desiderata Ln, Bishop",6534,618979,618979,0,-1857,Inyo
37.36286,-118.43785,"127 Desiderata Ln, Bishop",4500,479432,605747,1491,-327,Inyo
37.36286,-118.43801,"125 Desiderata Ln, Bishop",4356,480783,605747,1475,-343,Inyo
37.36286,-118.43816,"123 Desiderata Ln, Bishop",4356,267253,605747,3994,2177,Inyo
37.3503,-118.42571,"2671 Irene Way, Bishop",17424,460480,605747,1714,-103,Inyo
37.35053,-118.42565,"2677 Irene Way, Bishop",17859,358157,605747,2922,1104,Inyo
37.35078,-118.42561,"2683 Irene Way, Bishop",15681,795600,795600,0,-2387,Inyo
37.35132,-118.42548,"2689 Carol Ln, Bishop",16117,315363,605747,3427,1609,Inyo
37.35132,-118.42578,"2695 Carol Ln, Bishop",16117,634255,634255,0,-1903,Inyo
37.35132,-118.42608,"2701 Carol Ln, Bishop",16117,724831,724831,0,-2174,Inyo
37.35131,-118.42638,"2707 Carol Ln, Bishop",16117,404443,605747,2375,558,Inyo
37.35131,-118.42668,"2713 Carol Ln, Bishop",16552,750277,750277,0,-2251,Inyo
37.3513,-118.42698,"2719 Carol Ln, Bishop",17424,349235,605747,3027,1210,Inyo
37.35128,-118.42728,"2725 Carol Ln, Bishop",18295,506617,605747,1170,-648,Inyo
37.35127,-118.42758,"2731 Carol Ln, Bishop",18295,380164,605747,2662,845,Inyo
37.35127,-118.42788,"2737 Carol Ln, Bishop",18295,259971,605747,4080,2263,Inyo
37.35128,-118.42817,"2743 Carol Ln, Bishop",18126,286752,605747,3764,1947,Inyo
37.35057,-118.42849,"2748 Carol Ln, Bishop",16988,277513,605747,3873,2056,Inyo
37.35056,-118.42819,"2742 Carol Ln, Bishop",16552,708900,708900,0,-2127,Inyo
37.35056,-118.42789,"2736 Carol Ln, Bishop",16552,254813,605747,4141,2324,Inyo
37.35056,-118.42759,"2730 Carol Ln, Bishop",16377,725228,725228,0,-2176,Inyo
37.35056,-118.42729,"2724 Carol Ln, Bishop",16988,767763,767763,0,-2303,Inyo
37.35059,-118.42698,"2716 Carol Ln, Bishop",16117,422777,605747,2159,342,Inyo
37.35077,-118.42645,"2708 Carol Ln, Bishop",15681,360461,605747,2894,1077,Inyo
37.35054,-118.42651,"2698 Irene Way, Bishop",14810,351777,605747,2997,1180,Inyo
37.35032,-118.42657,"2694 Irene Way, Bishop",15246,445611,605747,1890,72,Inyo
37.35008,-118.42875,"2751 Audrey Ln, Bishop",11325,517904,605747,1037,-781,Inyo
37.35008,-118.42851,"2745 Audrey Ln, Bishop",11325,801495,801495,0,-2404,Inyo
37.35008,-118.42826,"2739 Audrey Ln, Bishop",11325,545468,605747,711,-1106,Inyo
37.35008,-118.42802,"2733 Audrey Ln, Bishop",11325,304123,605747,3559,1742,Inyo
37.35008,-118.42777,"2727 Audrey Ln, Bishop",11325,550153,605747,656,-1161,Inyo
37.3501,-118.42752,"2721 Audrey Ln, Bishop",11325,617349,617349,0,-1852,Inyo
37.35014,-118.42722,"2715 Audrey Ln, Bishop",12196,580037,605747,303,-1514,Inyo
37.34997,-118.42705,"2709 Audrey Ln, Bishop",11761,324640,605747,3317,1500,Inyo
37.3496,-118.42706,"2708 Audrey Ln, Bishop",11761,356671,605747,2939,1122,Inyo
37.3495,-118.42733,"2714 Audrey Ln, Bishop",11325,655046,655046,0,-1965,Inyo
37.34951,-118.42768,"2724 Audrey Ln, Bishop",11761,635947,635947,0,-1908,Inyo
37.34949,-118.42796,"2730 Audrey Ln, Bishop",11761,271392,605747,3945,2128,Inyo
37.34957,-118.42859,"801 Sarah View, Bishop",15246,468881,605747,1615,-202,Inyo
37.34932,-118.42859,"807 Sarah View, Bishop",15246,542077,605747,751,-1066,Inyo
37.34899,-118.42703,"2705 Sierra Vista Way, Bishop",32234,787459,787459,0,-2362,Inyo
37.35296,-118.41947,"681 Autumn Leaves Cir, Bishop",15681,754101,754101,0,-2262,Inyo
37.35275,-118.41971,"685 Autumn Leaves Cir, Bishop",14374,503884,605747,1202,-615,Inyo
37.35242,-118.41962,"2517 E Sunset Dr, Bishop",14810,882198,882198,0,-2647,Inyo
37.35226,-118.42,"2521 E Sunset Dr, Bishop",14810,347336,605747,3049,1232,Inyo
37.35203,-118.4203,"2531 East Sunset Dr, Bishop",15681,607241,607241,0,-1822,Inyo
37.352,-118.42069,"690 Summer Haze Cir, Bishop",16552,656924,656924,0,-1971,Inyo
37.35298,-118.42056,"665 Summer Haze Cir, Bishop",14374,587944,605747,210,-1607,Inyo
37.35284,-118.42168,"2549 Leisure Cir, Bishop",18730,1050595,1050595,0,-3152,Inyo
37.35246,-118.42167,"2555 Leisure Cir, Bishop",19166,620716,620716,0,-1862,Inyo
37.35232,-118.42124,"685 Summer Haze Cir, Bishop",16552,746522,746522,0,-2240,Inyo
37.35155,-118.42173,"705 Summer Haze Cir, Bishop",13939,371443,605747,2765,948,Inyo
37.35139,-118.42144,"712 Summer Haze Cir, Bishop",14810,403279,605747,2389,572,Inyo
37.35155,-118.42104,"2542 E Sunset Dr, Bishop",16552,941562,941562,0,-2825,Inyo
37.35144,-118.42072,"2536 E Sunset Dr, Bishop",14374,732233,732233,0,-2197,Inyo
37.35144,-118.42034,"2530 E Sunset Dr, Bishop",14374,393666,605747,2503,685,Inyo
37.35148,-118.41996,"2526 E Sunset Dr, Bishop",18730,631918,631918,0,-1896,Inyo
37.35171,-118.41975,"2522 E Sunset Dr, Bishop",14810,634173,634173,0,-1903,Inyo
37.35193,-118.41947,"2518 E Sunset Dr, Bishop",16988,423730,605747,2148,331,Inyo
37.35148,-118.41942,"707 Autumn Leaves Cir, Bishop",17859,377692,605747,2691,874,Inyo
37.35141,-118.419,"710 Autumn Leaves Cir, Bishop",15246,597856,605747,93,-1724,Inyo
37.35168,-118.42234,"628 S Barlow Ln, Bishop",78843,328558,605747,3271,1454,Inyo
37.35289,-118.42011,"668 Summer Haze Cir, Bishop",20908,988380,988380,0,-2965,Inyo
37.35257,-118.42016,"670 Summer Haze Cir, Bishop",13939,591744,605747,165,-1652,Inyo
37.35296,-118.42131,"2547 Leisure Cir, Bishop",16552,470584,605747,1595,-222,Inyo
37.35281,-118.42092,"671 Summer Haze Cir, Bishop",15246,369263,605747,2791,973,Inyo
37.35157,-118.41868,"706 Autumn Leaves Cir, Bishop",18730,750772,750772,0,-2252,Inyo
37.352,-118.41888,"2510 E Sunset Dr, Bishop",16988,469576,605747,1607,-210,Inyo
37.35196,-118.41851,"2504 E Sunset Dr, Bishop",16552,600673,605747,60,-1757,Inyo
37.35255,-118.41894,"2501 E Sunset Dr, Bishop",17424,823188,823188,0,-2470,Inyo
37.3529,-118.41898,"684 Autumn Leaves Cir, Bishop",20473,662800,662800,0,-1988,Inyo
37.35291,-118.42256,"524 S Barlow Ln, Bishop",22215,94986,605747,6027,4210,Inyo
37.35018,-118.43141,"2817 Sierra Vista Way, Bishop",46173,283072,605747,3808,1990,Inyo
37.35011,-118.43043,"2781 Audrey Ln, Bishop",42906,450970,605747,1826,9,Inyo
37.35011,-118.4293,"2763 Audrey Ln, Bishop",21924,769703,769703,0,-2309,Inyo
37.35011,-118.429,"2759 Audrey Ln, Bishop",15231,536184,605747,821,-996,Inyo
37.34892,-118.43045,"2765 Sierra Vista Way, Bishop",34966,257862,605747,4105,2288,Inyo
37.34892,-118.42999,"2755 Sierra Vista Way, Bishop",17561,691915,691915,0,-2076,Inyo
37.34893,-118.42882,"2737 Sierra Vista Way, Bishop",23958,481636,605747,1465,-353,Inyo
37.34893,-118.42845,"2727 Sierra Vista Way, Bishop",17545,232545,605747,4404,2587,Inyo
37.35011,-118.42991,"2775 Audrey Ln, Bishop",18669,664102,664102,0,-1992,Inyo
37.35011,-118.42961,"2769 Audrey Ln, Bishop",13328,185942,605747,4954,3136,Inyo
37.34944,-118.43052,"2778 Audrey Ln, Bishop",26680,457658,605747,1747,-70,Inyo
37.34944,-118.43004,"2772 Audrey Ln, Bishop",24570,673200,673200,0,-2020,Inyo
37.34944,-118.42957,"2766 Audrey Ln, Bishop",24570,391167,605747,2532,715,Inyo
37.34944,-118.42911,"2760 Audrey Ln, Bishop",24366,504751,605747,1192,-625,Inyo
37.34892,-118.42929,"2745 Sierra Vista Way, Bishop",29250,681826,681826,0,-2045,Inyo
37.34892,-118.42969,"2751 Sierra Vista Way, Bishop",16575,1002697,1002697,0,-3008,Inyo
37.34885,-118.43172,"2821 Sierra Vista Way, Bishop",39673,262448,605747,4051,2234,Inyo
37.34892,-118.43109,"2815 Sierra Vista Way, Bishop",37275,887677,887677,0,-2663,Inyo
37.34974,-118.43154,"2800 Audrey Ln, Bishop",43560,238668,605747,4332,2514,Inyo
37.34989,-118.43111,"2807 Audrey Ln, Bishop",12256,343018,605747,3100,1283,Inyo
37.34851,-118.41584,"2293 Longview Dr, Bishop",29185,477608,605747,1512,-305,Inyo
37.34851,-118.41551,"2281 Longview Dr, Bishop",29185,713397,713397,0,-2140,Inyo
37.34851,-118.41519,"2275 Longview Dr, Bishop",29185,557513,605747,569,-1248,Inyo
37.34852,-118.41486,"2261 Longview Dr, Bishop",29185,716143,716143,0,-2148,Inyo
37.34852,-118.41454,"2247 Longview Dr, Bishop",29185,503342,605747,1208,-609,Inyo
37.34852,-118.41422,"2235 Longview Dr, Bishop",29185,467592,605747,1630,-187,Inyo
37.34852,-118.41389,"2221 Longview Dr, Bishop",29185,469111,605747,1612,-205,Inyo
37.34756,-118.414,"2224 Longview Dr, Bishop",48787,939168,939168,0,-2818,Inyo
37.34756,-118.41444,"2236 Longview Dr, Bishop",31000,551359,605747,642,-1175,Inyo
37.34756,-118.41479,"2250 Longview Dr, Bishop",30927,351542,605747,3000,1182,Inyo
37.34755,-118.41513,"2264 Longview Dr, Bishop",30927,817234,817234,0,-2452,Inyo
37.34755,-118.41547,"2272 Longview Dr, Bishop",30927,551640,605747,638,-1179,Inyo
37.34755,-118.41582,"2284 Longview Dr, Bishop",30927,314423,605747,3438,1620,Inyo
37.34755,-118.41633,"2324 Longview Dr, Bishop",61855,148759,605747,5392,3575,Inyo
37.34755,-118.4172,"2348 Longview Dr, Bishop",30927,669621,669621,0,-2009,Inyo
37.34754,-118.41755,"2360 Longview Dr, Bishop",30927,952848,952848,0,-2859,Inyo
37.34754,-118.41789,"2372 Longview Dr, Bishop",30927,759492,759492,0,-2278,Inyo
37.34754,-118.41823,"2384 Longview Dr, Bishop",30927,876840,876840,0,-2631,Inyo
37.34851,-118.41686,"2335 Longview Dr, Bishop",30927,775280,775280,0,-2326,Inyo
37.34851,-118.41617,"2315 Longview Dr, Bishop",30927,763165,763165,0,-2289,Inyo
37.34851,-118.41731,"2347 Longview Dr, Bishop",50094,563218,605747,502,-1315,Inyo
37.3485,-118.4181,"2383 Longview Dr, Bishop",92782,761649,761649,0,-2285,Inyo
37.34876,-118.42247,"812 S Barlow Ln, Bishop",22000,321558,605747,3353,1536,Inyo
37.34847,-118.42247,"818 S Barlow Ln, Bishop",20000,588031,605747,209,-1608,Inyo
37.3482,-118.42247,"824 S Barlow Ln, Bishop",20000,328693,605747,3269,1452,Inyo
37.34849,-118.42161,"2573 Longview Dr, Bishop",30783,381406,605747,2647,830,Inyo
37.34849,-118.42127,"2535 Longview Dr, Bishop",30927,423588,605747,2149,332,Inyo
37.34849,-118.42082,"2511 Longview Dr, Bishop",50094,649456,649456,0,-1948,Inyo
37.34849,-118.42032,"2471 Longview Dr, Bishop",40510,375756,605747,2714,897,Inyo
37.3485,-118.41987,"2459 Longview Dr, Bishop",40510,323375,605747,3332,1515,Inyo
37.3485,-118.41879,"2419 Longview Dr, Bishop",30927,275191,605747,3901,2083,Inyo
37.34754,-118.41858,"2412 Longview Dr, Bishop",30927,128978,605747,5626,3809,Inyo
37.34754,-118.41926,"2436 Longview Dr, Bishop",30927,595170,605747,125,-1692,Inyo
37.34754,-118.41961,"2448 Longview Dr, Bishop",30927,921537,921537,0,-2765,Inyo
37.34753,-118.42053,"2500 Longview Dr, Bishop",37461,661525,661525,0,-1985,Inyo
37.34753,-118.42091,"2512 Longview Dr, Bishop",30927,626234,626234,0,-1879,Inyo
37.34753,-118.42125,"2524 Longview Dr, Bishop",30927,325550,605747,3306,1489,Inyo
37.34753,-118.4216,"2536 Longview Dr, Bishop",30927,616325,616325,0,-1849,Inyo
37.34753,-118.42194,"2548 Longview Dr, Bishop",30927,167022,605747,5177,3360,Inyo
37.35283,-118.4152,"2335 E Sunset Dr, Bishop",58806,878846,878846,0,-2637,Inyo
37.34751,-118.42246,"858 S Barlow Ln, Bishop",20037,340636,605747,3128,1311,Inyo
37.34724,-118.42245,"864 S Barlow Ln, Bishop",20037,550893,605747,647,-1170,Inyo
37.34692,-118.41983,"876 S Barlow Ln, Bishop",58806,499894,605747,1249,-568,Inyo
37.34722,-118.41879,"2424 Longview Dr, Bishop",64468,527221,605747,927,-891,Inyo
37.35239,-118.41532,"2349 E Sunset Dr, Bishop",31798,847677,847677,0,-2543,Inyo
37.3485,-118.41948,"2435 Longview Dr, Bishop",30927,805976,805976,0,-2418,Inyo
37.3485,-118.41913,"2423 Longview Dr, Bishop",30927,583291,605747,265,-1552,Inyo
37.34904,-118.42248,"806 S Barlow Ln, Bishop",18928,452165,605747,1812,-5,Inyo
37.3493,-118.42248,"804 South Barlow Ln, Bishop",18730,557531,605747,569,-1248,Inyo
37.34956,-118.42248,"802 S Barlow Ln, Bishop",18930,464725,605747,1664,-153,Inyo
37.34982,-118.42248,"800 S Barlow Ln, Bishop",18730,657161,657161,0,-1971,Inyo
37.34978,-118.42186,"801 Valley West Cir, Bishop",20262,224955,605747,4493,2676,Inyo
37.34944,-118.42186,"803 Valley West Cir, Bishop",20169,500293,605747,1244,-573,Inyo
37.34908,-118.42183,"805 Valley West Cir, Bishop",22386,540995,605747,764,-1053,Inyo
37.34909,-118.42114,"804 Valley West Cir, Bishop",22383,809295,809295,0,-2428,Inyo
37.34944,-118.42112,"802 Valley West Cir, Bishop",20167,974187,974187,0,-2923,Inyo
37.34978,-118.42113,"800 Valley West Cir, Bishop",20258,630877,630877,0,-1893,Inyo
37.35106,-118.42235,"760 S Barlow Ln, Bishop",43995,771216,771216,0,-2314,Inyo
37.35069,-118.42167,"2539 Sunrise Dr, Bishop",43890,989428,989428,0,-2968,Inyo
37.35069,-118.42131,"2523 Sunrise Dr, Bishop",43995,490076,605747,1365,-452,Inyo
37.3507,-118.42095,"2507 Sunrise Dr, Bishop",43995,523408,605747,972,-846,Inyo
37.3507,-118.42022,"2483 Sunrise Dr, Bishop",43995,549607,605747,662,-1155,Inyo
37.3507,-118.41986,"2477 Sunrise Dr, Bishop",43995,597355,605747,99,-1718,Inyo
37.35069,-118.42233,"710 S Barlow Ln, Bishop",30540,330730,605747,3245,1428,Inyo
37.34944,-118.41935,"2458 Sunrise Dr, Bishop",47044,985011,985011,0,-2955,Inyo
37.34944,-118.41978,"2470 Sunrise Dr, Bishop",47044,1082430,1082430,0,-3247,Inyo
37.34945,-118.41892,"2434 Sunrise Dr, Bishop",47044,461774,605747,1699,-118,Inyo
37.3507,-118.41932,"2471 Sunrise Dr, Bishop",88862,535284,605747,831,-986,Inyo
37.3507,-118.41842,"2417 Sunrise Dr, Bishop",42945,404206,605747,2378,561,Inyo
37.35071,-118.41806,"2405 Sunrise Dr, Bishop",42936,666367,666367,0,-1999,Inyo
37.34944,-118.42061,"2494 Sunrise Dr, Bishop",50529,690050,690050,0,-2070,Inyo
37.34944,-118.42019,"2482 Sunrise Dr, Bishop",43117,601745,605747,47,-1770,Inyo
37.34945,-118.41811,"2408 Sunrise Dr, Bishop",37897,885582,885582,0,-2657,Inyo
37.35071,-118.41768,"2387 Sunrise Dr, Bishop",50094,773719,773719,0,-2321,Inyo
37.35071,-118.41685,"2333 Sunrise Dr, Bishop",50094,505775,605747,1180,-638,Inyo
37.35071,-118.41644,"2301 Sunrise Dr, Bishop",50094,700206,700206,0,-2101,Inyo
37.35071,-118.41603,"2289 Sunrise Dr, Bishop",50094,311098,605747,3477,1660,Inyo
37.35072,-118.4152,"2265 Sunrise Dr, Bishop",50094,540286,605747,772,-1045,Inyo
37.35072,-118.41479,"2251 Sunrise Dr, Bishop",50094,625176,625176,0,-1876,Inyo
37.35071,-118.41396,"2239 Sunrise Dr, Bishop",51400,906029,906029,0,-2718,Inyo
37.34948,-118.41391,"2236 Sunrise Dr, Bishop",39640,847457,847457,0,-2542,Inyo
37.34946,-118.41427,"2242 Sunrise Dr, Bishop",38533,637825,637825,0,-1913,Inyo
37.34946,-118.41461,"2248 Sunrise Dr, Bishop",38427,735529,735529,0,-2207,Inyo
37.34946,-118.41531,"2270 Sunrise Dr, Bishop",38427,835162,835162,0,-2505,Inyo
37.34946,-118.41566,"2278 Sunrise Dr, Bishop",38427,652318,652318,0,-1957,Inyo
37.34946,-118.41601,"2286 Sunrise Dr, Bishop",38427,429533,605747,2079,262,Inyo
37.34945,-118.41636,"2298 Sunrise Dr, Bishop",38332,1029996,1029996,0,-3090,Inyo
37.34945,-118.41671,"2320 Sunrise Dr, Bishop",38427,725208,725208,0,-2176,Inyo
37.34945,-118.41706,"2342 Sunrise Dr, Bishop",38332,1220000,1220000,0,-3660,Inyo
37.34945,-118.41776,"2392 Sunrise Dr, Bishop",38427,416988,605747,2227,410,Inyo
37.35128,-118.42849,"2747 Carol Ln, Bishop",19166,489848,605747,1368,-450,Inyo
37.35129,-118.42882,"2753 Carol Ln, Bishop",19166,351759,605747,2997,1180,Inyo
37.35128,-118.42914,"2759 Carol Ln, Bishop",19602,820000,820000,0,-2460,Inyo
37.35127,-118.42947,"2765 Carol Ln, Bishop",20473,416106,605747,2238,421,Inyo
37.35127,-118.42979,"2771 Carol Ln, Bishop",20473,574484,605747,369,-1448,Inyo
37.35128,-118.43012,"2777 Carol Ln, Bishop",19166,543512,605747,734,-1083,Inyo
37.35131,-118.43045,"2783 Carol Ln, Bishop",17424,784762,784762,0,-2354,Inyo
37.35132,-118.43078,"2789 Carol Ln, Bishop",16988,307349,605747,3521,1704,Inyo
37.35131,-118.4311,"2795 Carol Ln, Bishop",17130,510794,605747,1120,-697,Inyo
37.35079,-118.43175,"2806 Carol Ln, Bishop",19602,739866,739866,0,-2220,Inyo
37.35052,-118.43161,"2800 Carol Ln, Bishop",23958,774195,774195,0,-2323,Inyo
37.35062,-118.43109,"2794 Carol Ln, Bishop",19166,752154,752154,0,-2256,Inyo
37.35063,-118.43076,"2788 Carol Ln, Bishop",19166,748170,748170,0,-2245,Inyo
37.35062,-118.43044,"2782 Carol Ln, Bishop",18295,469510,605747,1608,-210,Inyo
37.3506,-118.43011,"2776 Carol Ln, Bishop",16552,348831,605747,3032,1214,Inyo
37.35058,-118.42978,"2770 Carol Ln, Bishop",15681,703800,703800,0,-2111,Inyo
37.35058,-118.42946,"2764 Carol Ln, Bishop",15681,666363,666363,0,-1999,Inyo
37.3506,-118.42913,"2758 Carol Ln, Bishop",16552,375285,605747,2719,902,Inyo
37.35058,-118.4288,"2752 Carol Ln, Bishop",18295,351691,605747,2998,1181,Inyo
37.35113,-118.43175,"2807 Carol Ln, Bishop",20037,530566,605747,887,-930,Inyo
37.35188,-118.41812,"2498 E Sunset Dr, Bishop",15246,311345,605747,3474,1657,Inyo
37.35151,-118.41824,"717 Sundown Cir, Bishop",21344,855780,855780,0,-2567,Inyo
37.3514,-118.41782,"716 Sundown Cir, Bishop",14374,418933,605747,2204,387,Inyo
37.35155,-118.41746,"2478 E Sunset Dr, Bishop",16117,445184,605747,1895,77,Inyo
37.35148,-118.41712,"2466 E Sunset Dr, Bishop",16117,576518,605747,345,-1472,Inyo
37.35149,-118.41677,"2454 E Sunset Dr, Bishop",15246,752968,752968,0,-2259,Inyo
37.35149,-118.41642,"2442 E Sunset Dr, Bishop",15246,285570,605747,3778,1961,Inyo
37.35204,-118.41621,"698 Snow Cir, Bishop",15681,611831,611831,0,-1835,Inyo
37.35235,-118.41608,"686 Snow Cir, Bishop",15681,510840,605747,1120,-697,Inyo
37.35267,-118.41673,"675 Snow Cir, Bishop",15681,266824,605747,3999,2182,Inyo
37.35235,-118.41677,"683 Snow Cir, Bishop",14374,557300,605747,572,-1246,Inyo
37.35203,-118.41685,"2457 E Sunset Dr, Bishop",16117,727623,727623,0,-2183,Inyo
37.35208,-118.41729,"2477 East Sunset Dr, Bishop",16552,871193,871193,0,-2614,Inyo
37.35241,-118.4172,"684 Sundown Cir, Bishop",15681,512257,605747,1103,-714,Inyo
37.35275,-118.41712,"672 Sundown Cir, Bishop",14810,450022,605747,1838,20,Inyo
37.35296,-118.41733,"660 Sundown Cir, Bishop",16988,1032076,1032076,0,-3096,Inyo
37.35294,-118.41781,"673 Sundown Cir, Bishop",17424,383199,605747,2626,809,Inyo
37.35264,-118.41789,"685 Sundown Cir, Bishop",15246,487924,605747,1390,-427,Inyo
37.35231,-118.41789,"2497 E Sunset Dr, Bishop",15681,558606,605747,556,-1261,Inyo
37.35265,-118.41593,"674 Snow Cir, Bishop",16552,753545,753545,0,-2261,Inyo
37.35295,-118.41607,"662 Snow Cir, Bishop",21726,735525,735525,0,-2207,Inyo
37.35242,-118.41415,"2346 E Sunset Dr, Bishop",33105,805977,805977,0,-2418,Inyo
37.35202,-118.41417,"2358 E Sunset Dr, Bishop",35719,1623646,1623646,0,-4871,Inyo
37.35156,-118.41415,"2370 East Sunset Dr, Bishop",43560,1240000,1240000,0,-3720,Inyo
37.35204,-118.41502,"2359 E Sunset Dr, Bishop",14810,747546,747546,0,-2243,Inyo
37.35205,-118.41541,"2371 E Sunset Dr, Bishop",14810,884340,884340,0,-2653,Inyo
37.35206,-118.41578,"2383 E Sunset Dr, Bishop",15681,655437,655437,0,-1966,Inyo
37.35149,-118.41608,"2430 E Sunset Dr, Bishop",15246,597240,605747,100,-1717,Inyo
37.3515,-118.41573,"2402 East Sunset Dr, Bishop",15246,657919,657919,0,-1974,Inyo
37.3515,-118.41539,"2398 E Sunset Dr, Bishop",15246,793412,793412,0,-2380,Inyo
37.35149,-118.41505,"2394 E Sunset Dr, Bishop",15246,478552,605747,1501,-316,Inyo
37.35149,-118.4147,"2382 E Sunset Dr, Bishop",15246,819357,819357,0,-2458,Inyo
37.36068,-118.48376,"321 Rocking K Rd, Bishop",57063,728691,728691,0,-2186,Inyo
37.35872,-118.48615,"584 Rocking K Rd, Rocking K",83199,140884,605747,5485,3668,Inyo
37.3578,-118.48614,"586 Rocking K Rd, Rocking K",58806,418314,605747,2212,394,Inyo
37.35895,-118.48495,"545 Rocking K Rd, Rocking K",74923,870842,870842,0,-2613,Inyo
37.35968,-118.48489,"463 Rocking K Rd, Bishop",61855,1835000,1835000,0,-5505,Inyo
37.35881,-118.4829,"715 Rocking K Rd, Rocking K",39204,375383,605747,2718,901,Inyo
37.35795,-118.48301,"698 Rocking K Rd, Rocking K",81021,311866,605747,3468,1651,Inyo
37.35798,-118.48487,"590 Rocking K Rd, Rocking K",87555,344914,605747,3078,1261,Inyo
37.35944,-118.48384,"645 Rocking K Rd, Rocking K",180338,830603,830603,0,-2492,Inyo
37.35849,-118.48101,"815 Rocking K Rd, Rocking K",43560,423814,605747,2147,330,Inyo
37.36083,-118.48164,"227 Rocking K Rd, Rocking K",42957,535671,605747,827,-990,Inyo
37.36043,-118.48155,"48 Running Iron Rd, Rocking K",23086,552309,605747,631,-1187,Inyo
37.36066,-118.4824,"245 Rocking K Rd, Bishop",64468,191733,605747,4885,3068,Inyo
37.35999,-118.48135,"80 Running Iron Rd, Rocking K",29185,331795,605747,3233,1415,Inyo
37.3579,-118.48221,"766 Rocking K Rd, Bishop",52272,1087670,1087670,0,-3263,Inyo
37.35782,-118.48154,"798 Rocking K Rd, Bishop",37897,644046,644046,0,-1932,Inyo
37.35775,-118.48005,"864 Rocking K Rd, Bishop",33541,995000,995000,0,-2985,Inyo
37.32566,-118.53371,"8800 Starlite Dr, Starlite",40075,232433,605747,4405,2588,Inyo
37.32552,-118.5342,"8806 Starlite Dr, Starlite",28749,378193,605747,2685,868,Inyo
37.32632,-118.53432,"8807 Starlite Dr, Starlite",40946,227987,605747,4458,2640,Inyo
37.32582,-118.53477,"8813 Starlite Dr, Starlite",34848,566634,605747,462,-1356,Inyo
37.32616,-118.53486,"312 Polaris Cir, Bishop",24393,585641,605747,237,-1580,Inyo
37.32651,-118.53498,"318 Polaris Cir, Starlite",26136,281058,605747,3831,2014,Inyo
37.32651,-118.53583,"323 Polaris Cir, Bishop",32234,303678,605747,3564,1747,Inyo
37.32615,-118.53585,"317 Polaris Cir, Bishop",31363,579640,605747,308,-1509,Inyo
37.32549,-118.53549,"8819 Starlite Dr, Starlite",28749,455357,605747,1775,-43,Inyo
37.32531,-118.53599,"8825 Starlite Dr, Bishop",34848,725228,725228,0,-2176,Inyo
37.36076,-118.48037,"141 Rocking K Rd, Bishop",20125,320357,605747,3368,1550,Inyo
37.36077,-118.48078,"167 Rocking K Rd, Bishop",21173,429255,605747,2083,265,Inyo
37.36022,-118.48078,"73 Running Iron Rd, Rocking K",18300,414902,605747,2252,435,Inyo
37.36032,-118.48045,"35 Aurora Cir, Bishop",19400,549566,605747,663,-1154,Inyo
37.36031,-118.47998,"38 Aurora Cir, Bishop",22200,461673,605747,1700,-117,Inyo
37.35993,-118.47988,"40 Aurora Cir, Bishop",19118,425114,605747,2131,314,Inyo
37.35964,-118.48006,"30 Aurora Cir, Rocking K",23750,601263,605747,53,-1764,Inyo
37.35955,-118.48045,"16 Aurora Cir, Bishop",23945,749900,749900,0,-2250,Inyo
37.35924,-118.48001,"141 Running Iron Rd, Bishop",24393,668544,668544,0,-2006,Inyo
37.35893,-118.48008,"147 Running Iron Rd, Rocking K",24255,722376,722376,0,-2167,Inyo
37.35864,-118.48008,"181 Running Iron Rd, Bishop",24257,667962,667962,0,-2004,Inyo
37.35836,-118.48011,"201 Running Iron Rd, Bishop",24600,643644,643644,0,-1931,Inyo
37.3581,-118.48012,"207 Running Iron Rd, Rocking K",26451,374245,605747,2732,914,Inyo
37.32581,-118.53661,"316 Altair Cir, Bishop",26136,783035,783035,0,-2349,Inyo
37.32618,-118.53656,"322 Altair Cir, Bishop",26136,229239,605747,4443,2626,Inyo
37.32651,-118.5367,"328 Altair Cir, Bishop",25700,678065,678065,0,-2034,Inyo
37.32651,-118.53741,"327 Altair Cir, Starlite",27007,110048,605747,5849,4032,Inyo
37.32617,-118.53755,"321 Altair Cir, Starlite",28314,352309,605747,2991,1173,Inyo
37.3258,-118.53749,"315 Altair Cir, Bishop",26136,615102,615102,0,-1845,Inyo
37.32545,-118.53749,"309 Altair Cir, Starlite",26136,458448,605747,1738,-79,Inyo
37.3251,-118.53748,"303 Altair Cir, Bishop",26136,376284,605747,2708,890,Inyo
37.32509,-118.53819,"302 Apollo Cir, Bishop",26191,439607,605747,1960,143,Inyo
37.32544,-118.53819,"308 Apollo Cir, Starlite",26240,377595,605747,2692,875,Inyo
37.3258,-118.5382,"314 Apollo Cir, Bishop",26136,327113,605747,3288,1471,Inyo
37.32617,-118.53814,"320 Apollo Cir, Bishop",25264,301376,605747,3592,1774,Inyo
37.3265,-118.53829,"326 Apollo Cir, Starlite",23522,562296,605747,513,-1305,Inyo
37.3265,-118.539,"325 Apollo Cir, Bishop",25700,827118,827118,0,-2481,Inyo
37.32616,-118.53914,"319 Apollo Cir, Bishop",25935,490023,605747,1366,-452,Inyo
37.32579,-118.53907,"313 Apollo Cir, Bishop",26136,271194,605747,3948,2130,Inyo
37.32544,-118.53907,"307 Apollo Cir, Bishop",26136,274892,605747,3904,2087,Inyo
37.32509,-118.53907,"301 Apollo Cir, Bishop",26120,144048,605747,5448,3631,Inyo
37.32511,-118.53661,"304 Altair Cir, Bishop",25264,502874,605747,1214,-603,Inyo
37.32545,-118.53661,"306 Altair Cir, Starlite",26216,591178,605747,172,-1645,Inyo
37.35961,-118.4787,"985 Ed Powers Rd, Rocking K",108900,872947,872947,0,-2619,Inyo
37.35894,-118.4787,"929 Ed Powers Rd, Rocking K",167270,999020,999020,0,-2997,Inyo
37.35803,-118.4787,"835 Ed Powers Rd, Rocking K",207781,1383264,1383264,0,-4150,Inyo
37.36068,-118.47941,"95 Rocking K Rd, Bishop",43560,863532,863532,0,-2591,Inyo
37.36008,-118.4787,"1011 Ed Powers Rd, Rocking K",87120,969427,969427,0,-2908,Inyo
37.36067,-118.47888,"75 Rocking K Rd, Rocking K",43560,352270,605747,2991,1174,Inyo
37.36093,-118.47815,"1061 Ed Powers Rd, Bishop",21831,502337,605747,1220,-597,Inyo
37.36069,-118.47817,"1053 Ed Powers Rd, Bishop",21780,654246,654246,0,-1963,Inyo
37.36043,-118.47817,"1037 Ed Powers Rd, Rocking K",27027,612881,612881,0,-1839,Inyo
37.31298,-118.46202,"89 Bir Rd, Bishop",217800,507256,605747,1162,-655,Inyo
37.31298,-118.46316,"260 Bir Rd, Chipmunk Canyon",217800,465743,605747,1652,-165,Inyo
37.32458,-118.53903,"850 Starlite Dr, Starlite",24952,235342,605747,4371,2554,Inyo
37.32423,-118.53902,"249 Apollo Cir, Starlite",24829,299988,605747,3608,1791,Inyo
37.32389,-118.53902,"243 Apollo Cir, Bishop",26000,531655,605747,874,-943,Inyo
37.32355,-118.539,"237 Apollo Cir, Starlite",23435,260565,605747,4073,2256,Inyo
37.32322,-118.53893,"231 Apollo Cir, Bishop",23016,848965,848965,0,-2547,Inyo
37.3229,-118.53886,"225 Apollo Cir, Starlite",23864,351729,605747,2997,1180,Inyo
37.32255,-118.53878,"219 Apollo Cir, Bishop",27900,655436,655436,0,-1966,Inyo
37.3222,-118.53878,"213 Apollo Cir, Starlite",26780,162277,605747,5233,3416,Inyo
37.32155,-118.53798,"200 Polaris Cir, Starlite",35284,174942,605747,5083,3266,Inyo
37.32219,-118.53782,"206 Apollo Cir, Starlite",23761,239455,605747,4322,2505,Inyo
37.32252,-118.53784,"212 Apollo Cir, Starlite",23640,356527,605747,2941,1124,Inyo
37.32317,-118.53799,"224 Apollo Cir, Bishop",26571,399013,605747,2439,622,Inyo
37.32349,-118.53807,"230 Apollo Cir, Starlite",26700,207163,605747,4703,2886,Inyo
37.32385,-118.53811,"236 Apollo Cir, Starlite",29070,356160,605747,2945,1128,Inyo
37.32422,-118.53813,"242 Apollo Cir, Bishop",26571,806410,806410,0,-2419,Inyo
37.32458,-118.53813,"248 Apollo Cir, Starlite",25551,403755,605747,2384,566,Inyo
37.31193,-118.5089,"401 Skyrock Dr, Bishop",275299,730135,730135,0,-2190,Inyo
37.31447,-118.50931,"197 Skyrock Dr, Bishop",226512,749088,749088,0,-2247,Inyo
37.32381,-118.54059,"257 Arcturis Cir, Bishop",21780,279671,605747,3848,2030,Inyo
37.3235,-118.54057,"251 Arcturis Cir, Bishop",21780,906041,906041,0,-2718,Inyo
37.32323,-118.54053,"245 Arcturis Cir, Bishop",21780,613530,613530,0,-1841,Inyo
37.32295,-118.54049,"239 Arcturis Cir, Bishop",23958,194034,605747,4858,3041,Inyo
37.3224,-118.54046,"227 Arcturis Cir, Starlite",23522,588055,605747,209,-1608,Inyo
37.32212,-118.54046,"221 Arcturis Cir, Starlite",23522,655840,655840,0,-1968,Inyo
37.32184,-118.54052,"215 Arcturis Cir, Bishop",22215,882300,882300,0,-2647,Inyo
37.32148,-118.54055,"209 Arcturis Cir, Bishop",28749,454210,605747,1788,-29,Inyo
37.3214,-118.53998,"203 Arcturis Cir, Bishop",26136,833471,833471,0,-2500,Inyo
37.32151,-118.53947,"202 Arcturis Cir, Bishop",28314,265704,605747,4013,2195,Inyo
37.32175,-118.53887,"207 Apollo Cir, Bishop",39204,806310,806310,0,-2419,Inyo
37.32186,-118.5395,"206 Arcturis Cir, Bishop",22215,682837,682837,0,-2049,Inyo
37.32216,-118.5395,"214 Arcturis Cir, Bishop",21780,393305,605747,2507,690,Inyo
37.32246,-118.5395,"220 Arcturis Cir, Bishop",21780,1222980,1222980,0,-3669,Inyo
37.32276,-118.53951,"226 Arcturis Cir, Starlite",21780,344418,605747,3084,1266,Inyo
37.32338,-118.53964,"238 Arcturis Cir, Starlite",21780,602517,605747,38,-1779,Inyo
37.32369,-118.5397,"244 Arcturis Cir, Bishop",21780,285137,605747,3783,1966,Inyo
37.32399,-118.5397,"250 Arcturis Cir, Bishop",21780,900000,900000,0,-2700,Inyo
37.32429,-118.53971,"256 Arcturis Cir, Starlite",21780,299204,605747,3617,1800,Inyo
37.32459,-118.53971,"860 Starlite Dr, Starlite",21780,497403,605747,1278,-539,Inyo
37.32337,-118.54443,"940 Starlite Dr, Starlite",1742400,896039,896039,0,-2688,Inyo
37.27445,-118.38341,"50 E Axford Ln, Wilkerson",52272,183641,605747,4981,3164,Inyo
37.2748,-118.38204,"338 Cottonwood Ln, Wilkerson",21780,197660,605747,4815,2998,Inyo
37.27509,-118.38212,"314 Cottonwood Ln, Wilkerson",13503,206081,605747,4716,2899,Inyo
37.27547,-118.38357,"164 Cottonwood Ln, Wilkerson",91911,91301,605747,6070,4253,Inyo
37.27394,-118.38509,"35 West Axford Ln, Bishop",56628,494834,605747,1309,-508,Inyo
37.2728,-118.38613,"19 Country Ln, Wilkerson",19602,231906,605747,4411,2594,Inyo
37.27283,-118.38555,"51 Country Ln, Wilkerson",20908,286365,605747,3769,1951,Inyo
37.27402,-118.38567,"91 Plume Ln, Bishop",11325,383323,605747,2625,807,Inyo
37.27405,-118.38456,"11 W Axford Ln, Bishop",36154,493461,605747,1325,-492,Inyo
37.2731,-118.3865,"3499 Gerkin Rd, Wilkerson",14203,141179,605747,5482,3665,Inyo
37.27274,-118.38646,"3503 Gerkin Rd, Bishop",3900,267900,605747,3987,2169,Inyo
37.27531,-118.38479,"110 Cottonwood Ln, Wilkerson",43560,134943,605747,5555,3738,Inyo
37.27318,-118.38563,"60 Plume Ln, Wilkerson",30492,294655,605747,3671,1854,Inyo
37.27316,-118.38614,"30 Plume Ln, Bishop",13068,490823,605747,1356,-461,Inyo
37.27307,-118.38751,"3468 Gerkin Rd, Wilkerson",45302,263355,605747,4040,2223,Inyo
37.27278,-118.38733,"3508 Gerkin Rd, Bishop",32670,418300,605747,2212,395,Inyo
37.27428,-118.38935,"100 Cottonwood Ln, Wilkerson",138085,142233,605747,5469,3652,Inyo
37.2734,-118.38756,"106 Lucas Rd, Wilkerson",45302,419564,605747,2197,380,Inyo
37.27441,-118.38806,"40 Lucas Rd, Bishop",24393,477543,605747,1513,-304,Inyo
37.27401,-118.38727,"77 Lucas Rd, Wilkerson",45738,362853,605747,2866,1049,Inyo
37.26916,-118.38439,"105 Quail Ln, Bishop",89733,504900,605747,1190,-627,Inyo
37.27055,-118.3855,"25 Quail Ln, Bishop",21780,145782,605747,5428,3610,Inyo
37.27179,-118.38567,"30 Tucker Rd, Bishop",17859,416160,605747,2237,420,Inyo
37.27138,-118.38557,"47 Waford Rd, Wilkerson",22215,119593,605747,5737,3919,Inyo
37.27251,-118.38427,"62 Country Ln, Bishop",130680,59331,605747,6448,4630,Inyo
37.27234,-118.38563,"46 Country Ln, Wilkerson",14810,275814,605747,3893,2076,Inyo
37.27217,-118.38602,"3551 Gerkin Rd, Wilkerson",15246,440623,605747,1948,131,Inyo
37.27243,-118.38607,"3535 Gerkin Rd, Bishop",16552,307750,605747,3516,1699,Inyo
37.2716,-118.38613,"3585 Gerkin Rd, Wilkerson",10018,87826,605747,6111,4294,Inyo
37.27184,-118.3861,"3565 Gerkin Rd, Bishop",12632,336740,605747,3174,1357,Inyo
37.27195,-118.38482,"68 Tucker Rd, Wilkerson",21780,360173,605747,2898,1081,Inyo
37.27082,-118.38505,"58 Waford Rd, Wilkerson",21780,171838,605747,5120,3303,Inyo
37.27049,-118.38476,"29 Quail Ln, Bishop",26689,490084,605747,1365,-452,Inyo
37.2698,-118.3851,"65 Quail Ln, Wilkerson",22215,187420,605747,4936,3119,Inyo
37.27091,-118.38554,"42 Waford Rd, Bishop",20184,83748,605747,6160,4342,Inyo
37.27603,-118.38552,"85 Cottonwood Ln, Wilkerson",37897,299655,605747,3612,1795,Inyo
37.28444,-118.39005,"282 Rawson Creek Rd, Bishop",118483,775211,775211,0,-2326,Inyo
37.28806,-118.39202,"415 Sierra Grande St, Bishop",211266,581991,605747,280,-1537,Inyo
37.28807,-118.39096,"2254 Sierra Ladera St, Wilkerson",211701,338113,605747,3158,1341,Inyo
37.2863,-118.39422,"475 Sierra Grande, Bishop",209959,1470585,1470585,0,-4412,Inyo
37.2867,-118.3923,"322 Sierra Grande, Wilkerson",43560,470342,605747,1598,-219,Inyo
37.2867,-118.39176,"316 Sierra Grande, Bishop",43560,740726,740726,0,-2222,Inyo
37.2867,-118.39123,"310 Sierra Grande, Wilkerson",43560,612936,612936,0,-1839,Inyo
37.2867,-118.3907,"304 Sierra Grande, Wilkerson",43560,531398,605747,877,-940,Inyo
37.28592,-118.39193,"2360 Sierra Ladera St, Bishop",108464,299422,605747,3615,1797,Inyo
37.28576,-118.39105,"2370 Sierra Ladera St, Wilkerson",103237,447537,605747,1867,50,Inyo
37.27379,-118.38187,"388 Cottonwood Ln, Wilkerson",43560,265936,605747,4010,2193,Inyo
37.27282,-118.38199,"482 Cottonwood Ln, Wilkerson",43560,167021,605747,5177,3360,Inyo
37.27219,-118.38183,"520 Cottonwood Ln, Bishop",36154,190532,605747,4900,3082,Inyo
37.27106,-118.38321,"568 Cottonwood Ln, Wilkerson",568454,528360,605747,913,-904,Inyo
37.27224,-118.38919,"3596 Gerkin Rd, Wilkerson",364597,234537,605747,4380,2563,Inyo
37.27197,-118.38793,"3594 Gerkin Rd, Bishop",22215,193210,605747,4868,3051,Inyo
37.27248,-118.38765,"3512 Gerkin Rd, Bishop",54450,208875,605747,4683,2866,Inyo
37.28596,-118.39008,"2397 Sierra Ladera St, Wilkerson",21780,147983,605747,5402,3584,Inyo
37.28585,-118.38973,"265 Rawson Creek Rd, Bishop",30056,715000,715000,0,-2145,Inyo
37.28585,-118.38938,"249 Rawson Creek Rd, Bishop",30056,567745,605747,448,-1369,Inyo
37.28585,-118.38903,"233 Rawson Creek Rd, Bishop",30056,594460,605747,133,-1684,Inyo
37.28585,-118.38868,"217 Rawson Creek Rd, Bishop",30056,617100,617100,0,-1851,Inyo
37.28585,-118.38833,"201 Rawson Creek Rd, Bishop",30056,481854,605747,1462,-355,Inyo
37.28585,-118.38798,"185 Rawson Creek Rd, Wilkerson",30056,460817,605747,1710,-107,Inyo
37.28585,-118.38763,"169 Rawson Creek Rd, Bishop",30056,555114,605747,597,-1220,Inyo
37.28585,-118.38728,"153 Rawson Creek Rd, Wilkerson",30056,153225,605747,5340,3523,Inyo
37.28585,-118.38693,"137 Rawson Creek Rd, Wilkerson",30492,135976,605747,5543,3726,Inyo
37.28585,-118.38658,"121 Rawson Creek Rd, Wilkerson",30492,241070,605747,4303,2486,Inyo
37.28585,-118.38622,"105 Rawson Creek Rd, Wilkerson",32234,440573,605747,1949,132,Inyo
37.28667,-118.39008,"2343 Sierra Ladera St, Wilkerson",30492,229135,605747,4444,2627,Inyo
37.28667,-118.38973,"266 Sierra Grande, Wilkerson",30433,103076,605747,5932,4114,Inyo
37.28667,-118.38938,"250 Sierra Grande, Wilkerson",30492,408402,605747,2329,511,Inyo
37.28667,-118.38903,"234 Sierra Grande, Wilkerson",30492,129051,605747,5625,3808,Inyo
37.28667,-118.38868,"218 Sierra Grande, Wilkerson",30492,223985,605747,4505,2688,Inyo
37.28667,-118.38833,"202 Sierra Grande, Wilkerson",30492,364243,605747,2850,1033,Inyo
37.28667,-118.38798,"186 Sierra Grande, Wilkerson",29620,133997,605747,5567,3749,Inyo
37.28668,-118.38763,"170 Sierra Grande, Wilkerson",30492,440363,605747,1952,134,Inyo
37.28667,-118.38728,"154 Sierra Grande, Wilkerson",30433,453774,605747,1793,-24,Inyo
37.28668,-118.38693,"138 Sierra Grande, Wilkerson",30492,339013,605747,3147,1330,Inyo
37.28668,-118.38658,"122 Sierra Grande, Wilkerson",30492,437617,605747,1984,167,Inyo
37.28666,-118.38624,"106 Sierra Grande, Wilkerson",28314,307586,605747,3518,1701,Inyo
37.28753,-118.39008,"285 Sierra Grande, Bishop",19831,380624,605747,2656,839,Inyo
37.28761,-118.38975,"269 Sierra Grande, Wilkerson",26079,453567,605747,1796,-22,Inyo
37.28761,-118.38942,"253 Sierra Grande, Wilkerson",26136,269818,605747,3964,2147,Inyo
37.28761,-118.38909,"237 Sierra Grande, Bishop",26136,624240,624240,0,-1873,Inyo
37.28761,-118.38877,"221 Sierra Grande, Wilkerson",26136,281171,605747,3830,2013,Inyo
37.28761,-118.38844,"205 Sierra Grande, Bishop",26136,385334,605747,2601,784,Inyo
37.28762,-118.38811,"189 Sierra Grande, Bishop",26136,724200,724200,0,-2173,Inyo
37.28762,-118.38778,"173 Sierra Grande, Bishop",26079,615735,615735,0,-1847,Inyo
37.28762,-118.38745,"157 Sierra Grande, Wilkerson",27442,135509,605747,5549,3732,Inyo
37.28762,-118.38712,"141 Sierra Grande, Bishop",27442,629875,629875,0,-1890,Inyo
37.28762,-118.38679,"125 Sierra Grande, Wilkerson",26136,248434,605747,4216,2399,Inyo
37.2876,-118.3864,"109 Sierra Grande, Bishop",32670,657900,657900,0,-1974,Inyo
37.28836,-118.39008,"2223 Sierra Ladera St, Wilkerson",26136,537576,605747,804,-1013,Inyo
37.28836,-118.38975,"270 Sierra Bonita St, Bishop",26136,627699,627699,0,-1883,Inyo
37.28837,-118.38942,"254 Sierra Bonita St, Bishop",26136,461612,605747,1701,-116,Inyo
37.28837,-118.38909,"238 Sierra Bonita St, Wilkerson",27007,443019,605747,1920,103,Inyo
37.28837,-118.38877,"222 Sierra Bonita St, Bishop",26885,225890,605747,4482,2665,Inyo
37.28838,-118.38844,"206 Sierra Bonita St, Bishop",26136,647333,647333,0,-1942,Inyo
37.28838,-118.38811,"190 Sierra Bonita St, Bishop",26136,530602,605747,887,-931,Inyo
37.28838,-118.38778,"174 Sierra Bonita St, Wilkerson",26136,278881,605747,3857,2040,Inyo
37.28839,-118.38745,"158 Sierra Bonita St, Bishop",27442,584511,605747,251,-1567,Inyo
37.28839,-118.38712,"142 Sierra Bonita St, Bishop",26136,535909,605747,824,-993,Inyo
37.28817,-118.38664,"2246 Gerkin Rd, Wilkerson",22215,185440,605747,4960,3142,Inyo
37.28856,-118.38673,"2226 Gerkin Rd, Wilkerson",19602,392545,605747,2516,699,Inyo
37.28849,-118.38607,"2221 Gerkin Rd, Wilkerson",39204,203202,605747,4750,2933,Inyo
37.23331,-118.56459,"2297 South Lake Rd, Bishop",818056,496453,605747,1290,-528,Inyo
37.23823,-118.56399,"220 Canyon Dr, Mountain View",18295,447634,605747,1866,48,Inyo
37.23873,-118.56411,"240 Canyon Dr, Bishop",269636,920983,920983,0,-2763,Inyo
37.23962,-118.59931,"280 Cataract Rd, Aspendell",13500,287649,605747,3754,1936,Inyo
37.23903,-118.59983,"256 Cataract Rd, Aspendell",10161,486627,605747,1406,-412,Inyo
37.23814,-118.59955,"215 Cataract Rd, Bishop",19387,645276,645276,0,-1936,Inyo
37.2393,-118.59958,"268 Cataract Rd, Bishop",11722,289191,605747,3735,1918,Inyo
37.23917,-118.59972,"262 Cataract Rd, Bishop",11973,317502,605747,3401,1584,Inyo
37.23891,-118.59998,"250 Cataract Rd, Bishop",8114,511197,605747,1116,-702,Inyo
37.23877,-118.60013,"244 Cataract Rd, Bishop",7737,302265,605747,3581,1764,Inyo
37.23856,-118.60007,"238 Cataract Rd, Aspendell",12174,349014,605747,3029,1212,Inyo
37.23837,-118.59981,"226 Cataract Rd, Aspendell",14659,537911,605747,800,-1017,Inyo
37.23953,-118.59845,"123 Columbine Dr, Bishop",15005,527121,605747,928,-889,Inyo
37.23915,-118.59897,"145 Columbine Dr, Bishop",8264,587824,605747,211,-1606,Inyo
37.23904,-118.5986,"139 Columbine Dr, Bishop",6810,469915,605747,1603,-214,Inyo
37.23899,-118.59912,"151 Columbine Dr, Aspendell",7560,403555,605747,2386,569,Inyo
37.2388,-118.59939,"169 Columbine Dr, Aspendell",8520,548369,605747,677,-1140,Inyo
37.23863,-118.5995,"175 Columbine Dr, Bishop",6884,785399,785399,0,-2356,Inyo
37.2382,-118.59909,"193 Columbine Dr, Aspendell",6751,644829,644829,0,-1934,Inyo
37.23803,-118.59899,"199 Cataract Rd, Aspendell",6180,328096,605747,3276,1459,Inyo
37.23881,-118.59894,"163 Columbine Dr, Bishop",15464,353736,605747,2974,1156,Inyo
37.23847,-118.59916,"181 Columbine Dr, Aspendell",12409,759900,759900,0,-2280,Inyo
37.23934,-118.59883,"133 Columbine Dr, Aspendell",13587,90116,605747,6084,4267,Inyo
37.23956,-118.59769,"107 Columbine Dr, Bishop",18903,854760,854760,0,-2564,Inyo
37.23863,-118.59851,"182 Columbine Dr, Aspendell",9150,323495,605747,3331,1513,Inyo
37.23837,-118.59865,"184 Columbine Dr, Bishop",11172,356106,605747,2946,1129,Inyo
37.23813,-118.59862,"196 Columbine Dr, Bishop",7912,643620,643620,0,-1931,Inyo
37.23905,-118.59683,"129 Sage Dr, Aspendell",8960,565569,605747,474,-1343,Inyo
37.23883,-118.59683,"141 Sage Dr, Bishop",8960,439764,605747,1959,141,Inyo
37.23862,-118.59683,"149 Sage Dr, Bishop",8960,469784,605747,1604,-213,Inyo
37.23839,-118.59683,"157 Sage Dr, Bishop",8960,561816,605747,518,-1299,Inyo
37.23791,-118.59685,"173 Sage Dr, Bishop",12278,295671,605747,3659,1842,Inyo
37.23962,-118.59679,"102 Sage Dr, Aspendell",9100,376779,605747,2702,885,Inyo
37.23942,-118.59627,"118 Sage Dr, Bishop",8960,599581,605747,73,-1744,Inyo
37.23915,-118.59626,"126 Sage Dr, Bishop",12456,591514,605747,168,-1649,Inyo
37.2389,-118.59629,"134 Sage Dr, Bishop",9325,421008,605747,2180,363,Inyo
37.2387,-118.59629,"142 Sage Dr, Aspendell",9158,365578,605747,2834,1017,Inyo
37.23849,-118.5963,"150 Sage Dr, Aspendell",8991,265217,605747,4018,2201,Inyo
37.23784,-118.59631,"174 Sage Dr, Aspendell",9026,457367,605747,1751,-66,Inyo
37.23762,-118.59632,"182 Sage Dr, Aspendell",8836,391692,605747,2526,709,Inyo
37.23817,-118.5963,"166 Sage Dr, Bishop",18617,90717,605747,6077,4260,Inyo
37.23819,-118.59802,"153 Iris Dr, Bishop",8770,182317,605747,4996,3179,Inyo
37.23786,-118.59803,"129 Iris Dr, Bishop",10077,684527,684527,0,-2054,Inyo
37.2373,-118.59801,"115 Cardinal Rd, Bishop",9860,551412,605747,641,-1176,Inyo
37.23739,-118.59755,"104 Iris Dr, Bishop",10390,280818,605747,3834,2017,Inyo
37.23766,-118.59755,"116 Iris Dr, Aspendell",10500,273297,605747,3923,2106,Inyo
37.23793,-118.59755,"128 Iris Dr, Bishop",10500,569964,605747,422,-1395,Inyo
37.23821,-118.59755,"140 Iris Dr, Bishop",10500,484500,605747,1431,-387,Inyo
37.23848,-118.59753,"152 Iris Dr, Bishop",9566,386274,605747,2590,773,Inyo
37.2384,-118.59825,"165 Iris Dr, Aspendell",13530,485793,605747,1415,-402,Inyo
37.23807,-118.5983,"141 Iris Dr, Aspendell",9031,448399,605747,1857,39,Inyo
37.23781,-118.59838,"208 Columbine Dr, Bishop",9880,578350,605747,323,-1494,Inyo
37.23752,-118.59839,"220 Columbine Dr, Bishop",10842,107889,605747,5875,4057,Inyo
37.23871,-118.59762,"164 Iris Dr, Bishop",11470,642600,642600,0,-1928,Inyo
37.23906,-118.59782,"189 Iris Dr, Aspendell",46329,93163,605747,6048,4231,Inyo
37.23799,-118.60011,"223 Cataract Rd, Aspendell",6346,349559,605747,3023,1206,Inyo
37.23819,-118.60038,"235 Cataract Rd, Aspendell",19022,343310,605747,3097,1280,Inyo
37.23639,-118.60047,"277 White Pine Rd, Bishop",14958,594393,605747,134,-1683,Inyo
37.23704,-118.60033,"251 White Pine Rd, Aspendell",16361,208134,605747,4692,2875,Inyo
37.23731,-118.60029,"229 White Pine Rd, Bishop",16584,460399,605747,1715,-102,Inyo
37.23752,-118.60025,"217 White Pine Rd, Aspendell",11228,446036,605747,1885,67,Inyo
37.23785,-118.60023,"205 White Pine Rd, Aspendell",11959,146238,605747,5422,3605,Inyo
37.23675,-118.60037,"263 White Pine Rd, Bishop",14744,386400,605747,2588,771,Inyo
37.23723,-118.59942,"234 Brook Ln, Aspendell",9347,790000,790000,0,-2370,Inyo
37.23701,-118.59926,"246 Brook Ln, Aspendell",8956,621486,621486,0,-1864,Inyo
37.23683,-118.59913,"258 Brook Ln, Bishop",8509,569682,605747,426,-1392,Inyo
37.23666,-118.59909,"270 Brook Ln, Aspendell",6250,263195,605747,4042,2225,Inyo
37.23677,-118.59974,"260 White Pine Rd, Bishop",13036,446712,605747,1877,59,Inyo
37.23706,-118.59978,"248 White Pine Rd, Aspendell",8962,502371,605747,1220,-597,Inyo
37.23638,-118.59924,"282 Brook Ln, Aspendell",15215,362169,605747,2874,1057,Inyo
37.23773,-118.59952,"208 White Pine Rd, Bishop",13271,710000,710000,0,-2130,Inyo
37.23748,-118.59951,"222 Brook Ln, Bishop",13525,785000,785000,0,-2355,Inyo
37.23639,-118.59982,"280 White Pine Rd, Bishop",420871,592104,605747,161,-1656,Inyo
37.23776,-118.59889,"203 Columbine Dr, Bishop",6170,708900,708900,0,-2127,Inyo
37.2376,-118.5989,"209 Columbine Dr, Bishop",6632,620726,620726,0,-1862,Inyo
37.23743,-118.59892,"217 Columbine Dr, Aspendell",15300,194546,605747,4852,3035,Inyo
37.23722,-118.59886,"223 Columbine Dr, Bishop",9670,596201,605747,113,-1705,Inyo
37.237,-118.59871,"229 Columbine Dr, Aspendell",8198,248597,605747,4214,2397,Inyo
37.23682,-118.59865,"203 Cardinal Rd, Aspendell",6853,447425,605747,1868,51,Inyo
37.23664,-118.59867,"215 Cardinal Rd, Bishop",5964,603826,605747,23,-1795,Inyo
37.23645,-118.59872,"227 Cardinal Rd, Aspendell",7149,435778,605747,2006,188,Inyo
37.23625,-118.59881,"239 Cardinal Rd, Bishop",8960,855810,855810,0,-2567,Inyo
37.23699,-118.59751,"102 Cardinal Rd, Bishop",10470,567128,605747,456,-1362,Inyo
37.23696,-118.59795,"180 Cardinal Rd, Aspendell",13000,535812,605747,825,-992,Inyo
37.23679,-118.59784,"256 Columbine Dr, Aspendell",8830,564346,605747,489,-1329,Inyo
37.23641,-118.59749,"280 Columbine Dr, Aspendell",11321,260620,605747,4072,2255,Inyo
37.23792,-118.59495,"113 Manzanita Rd, Aspendell",9200,440640,605747,1948,131,Inyo
37.23623,-118.59766,"293 Columbine Dr, Aspendell",9842,372889,605747,2748,930,Inyo
37.23835,-118.59494,"129 Manzanita Rd, Aspendell",9200,242971,605747,4281,2464,Inyo
37.23628,-118.59805,"281 Columbine Dr, Bishop",10851,166072,605747,5188,3371,Inyo
37.23857,-118.59493,"137 Manzanita Rd, Aspendell",9200,279540,605747,3849,2032,Inyo
37.23656,-118.59819,"205 Cardinal Rd, Aspendell",12230,585594,605747,238,-1579,Inyo
37.23879,-118.59492,"145 Manzanita Rd, Aspendell",9200,240846,605747,4306,2489,Inyo
37.23904,-118.59491,"153 Manzanita Rd, Aspendell",11210,309716,605747,3493,1676,Inyo
37.23889,-118.59432,"150 Manzanita Rd, Aspendell",10360,324761,605747,3316,1498,Inyo
37.2387,-118.59435,"142 Manzanita Rd, Aspendell",11200,591065,605747,173,-1644,Inyo
37.23771,-118.56327,"218 Canyon Dr, Mountain View",13020,240644,605747,4308,2491,Inyo
37.23848,-118.59437,"136 Manzanita Rd, Aspendell",10400,342263,605747,3109,1292,Inyo
37.23745,-118.56328,"196 Canyon Dr, Mountain View",13020,223075,605747,4516,2698,Inyo
37.23826,-118.59438,"124 Manzanita Rd, Aspendell",10400,300584,605747,3601,1784,Inyo
37.23804,-118.59439,"118 Manzanita Rd, Aspendell",10400,362634,605747,2869,1051,Inyo
37.23668,-118.56327,"144 Canyon Dr, Mountain View",13408,206492,605747,4711,2894,Inyo
37.23759,-118.59401,"171 Alpine Dr, Bishop",8855,436921,605747,1992,175,Inyo
37.23646,-118.56351,"132 Canyon Dr, Bishop",14150,438972,605747,1968,151,Inyo
37.23781,-118.59397,"183 Alpine Dr, Aspendell",9600,602338,605747,40,-1777,Inyo
37.23746,-118.5639,"193 Canyon Dr, Bishop",13020,463355,605747,1680,-137,Inyo
37.23803,-118.59396,"191 Alpine Dr, Bishop",9600,415302,605747,2247,430,Inyo
37.23741,-118.56482,"93 Mt Tom View Dr, Bishop",18200,181661,605747,5004,3187,Inyo
37.23825,-118.59395,"199 Alpine Dr, Aspendell",9600,169610,605747,5146,3329,Inyo
37.23695,-118.56391,"155 Canyon Dr, Bishop",13020,568493,605747,440,-1378,Inyo
37.23799,-118.59347,"190 Alpine Dr, Bishop",10625,543337,605747,736,-1081,Inyo
37.23662,-118.56398,"127 Canyon Dr, Mountain View",18591,649289,649289,0,-1948,Inyo
37.23714,-118.59406,"162 Alpine Dr, Bishop",13000,460744,605747,1711,-106,Inyo
37.23645,-118.56441,"44 Mount Tom View Dr, Mountain View",13020,442854,605747,1922,105,Inyo
37.2373,-118.5642,"94 Mount Tom View Dr, Bishop",36730,227892,605747,4459,2641,Inyo
37.23716,-118.59434,"156 Alpine Dr, Bishop",13180,455000,605747,1779,-38,Inyo
37.23621,-118.56324,"126 Canyon Dr, Mountain View",15430,559918,605747,541,-1276,Inyo
37.23718,-118.59462,"150 Alpine Dr, Aspendell",14200,385104,605747,2604,786,Inyo
37.23593,-118.56346,"112 Canyon Dr, Mountain View",21740,160786,605747,5251,3433,Inyo
37.2357,-118.56356,"80 Canyon Dr, Mountain View",17890,355133,605747,2957,1140,Inyo
37.23527,-118.5636,"40 Canyon Dr, Bishop",28180,454620,605747,1783,-34,Inyo
37.23472,-118.56343,"114 Habegger Ln, Mountain View",18270,368554,605747,2799,982,Inyo
37.2362,-118.56444,"28 Mount Tom View Dr, Mountain View",12440,318586,605747,3388,1571,Inyo
37.23719,-118.59516,"138 Alpine Dr, Aspendell",14240,468776,605747,1616,-201,Inyo
37.23614,-118.56385,"122 Canyon Dr, Mountain View",13028,425066,605747,2132,315,Inyo
37.23877,-118.59588,"143 Sumac Rd, Aspendell",9260,276631,605747,3884,2066,Inyo
37.23586,-118.56414,"76 Canyon Dr, Mountain View",8060,320279,605747,3369,1551,Inyo
37.23899,-118.59591,"151 Sumac Rd, Aspendell",9430,441016,605747,1944,127,Inyo
37.23501,-118.56419,"8 Canyon Dr, Bishop",12960,187971,605747,4930,3113,Inyo
37.23468,-118.5639,"110 Habegger Ln, Mountain View",10314,196361,605747,4831,3014,Inyo
37.2347,-118.56433,"104 Habegger Ln, Mountain View",12600,320701,605747,3364,1546,Inyo
37.23873,-118.59388,"215 Alpine Dr, Bishop",10528,650250,650250,0,-1951,Inyo
37.23843,-118.59344,"210 Alpine Dr, Bishop",9751,592546,605747,156,-1661,Inyo
37.23763,-118.59592,"103 Sumac Rd, Bishop",10676,639438,639438,0,-1918,Inyo
37.23786,-118.59591,"111 Sumac Rd, Bishop",9600,657948,657948,0,-1974,Inyo
37.23809,-118.5959,"119 Sumac Rd, Bishop",10800,612000,612000,0,-1836,Inyo
37.23897,-118.59532,"148 Sumac Rd, Aspendell",9600,393467,605747,2505,688,Inyo
37.23875,-118.59533,"140 Sumac Rd, Bishop",9600,500410,605747,1243,-574,Inyo
37.23853,-118.59533,"132 Sumac Rd, Aspendell",9600,239622,605747,4320,2503,Inyo
37.23809,-118.59535,"116 Sumac Rd, Bishop",9600,186361,605747,4949,3132,Inyo
37.23787,-118.59536,"108 Sumac Rd, Bishop",9600,714000,714000,0,-2142,Inyo
37.23712,-118.59689,"110 Alpine Dr, Aspendell",14810,461158,605747,1706,-111,Inyo
37.23721,-118.59649,"118 Alpine Dr, Aspendell",14810,306321,605747,3533,1716,Inyo
37.24072,-118.59793,"16621 West Hwy 168, Bishop",36154,899946,899946,0,-2700,Inyo
37.23988,-118.59782,"16675 West Hwy 168, Bishop",36590,596532,605747,109,-1709,Inyo
37.24052,-118.59685,"195 Sierra Summit, Bishop",42253,895000,895000,0,-2685,Inyo
37.24106,-118.59651,"197 Sierra Summit, Aspendell",43560,492905,605747,1332,-486,Inyo
37.24083,-118.59617,"200 Sierra Summit, Aspendell",37897,479238,605747,1493,-324,Inyo
37.23995,-118.59635,"204 Sierra Summit, Aspendell",34412,387478,605747,2576,758,Inyo
37.17728,-118.30752,"101 Terrace Dr, Big Pine",9070,452669,452669,0,-1358,Inyo
37.17728,-118.30726,"103 Terrace Dr, Big Pine",9060,443794,443794,0,-1331,Inyo
37.17728,-118.307,"105 Terrace Dr, Big Pine",9060,577943,577943,0,-1734,Inyo
37.17728,-118.30674,"107 Terrace Dr, Big Pine",9060,326692,431538,1237,-57,Inyo
37.17728,-118.30648,"109 Terrace Dr, Big Pine",9060,454969,454969,0,-1365,Inyo
37.17728,-118.30623,"111 Terrace Dr, Big Pine",9060,81235,431538,4134,2839,Inyo
37.17728,-118.30597,"113 Terrace Dr, Big Pine",9060,244834,431538,2203,908,Inyo
37.17728,-118.30571,"115 Terrace Dr, Big Pine",9060,301859,431538,1530,236,Inyo
37.17762,-118.30473,"121 Terrace Dr, Big Pine",9864,581298,581298,0,-1744,Inyo
37.17783,-118.30461,"123 Terrace Dr, Big Pine",11137,147084,431538,3357,2062,Inyo
37.17803,-118.30455,"224 Terrace Dr, Big Pine",16178,370905,431538,715,-579,Inyo
37.17825,-118.30453,"222 Terrace Dr, Big Pine",20049,446201,446201,0,-1339,Inyo
37.17849,-118.30509,"220 Terrace Dr, Big Pine",14530,331220,431538,1184,-111,Inyo
37.17854,-118.30544,"218 Terrace Dr, Big Pine",9060,272730,431538,1874,579,Inyo
37.17854,-118.3057,"216 Terrace Dr, Big Pine",9060,150247,431538,3319,2025,Inyo
37.17854,-118.30596,"214 Terrace Dr, Big Pine",9060,83308,431538,4109,2814,Inyo
37.17854,-118.30621,"212 Terrace Dr, Big Pine",9060,432970,432970,0,-1299,Inyo
37.17854,-118.30648,"210 Terrace Dr, Big Pine",9060,192162,431538,2825,1530,Inyo
37.17854,-118.30673,"208 Terrace Dr, Big Pine",9060,485000,485000,0,-1455,Inyo
37.17854,-118.30699,"206 Terrace Dr, Big Pine",9060,352722,431538,930,-365,Inyo
37.17855,-118.30725,"204 Terrace Dr, Big Pine",9060,270039,431538,1906,611,Inyo
37.17855,-118.30752,"202 Terrace Dr, Big Pine",9273,83728,431538,4104,2810,Inyo
37.17808,-118.30752,"201 Terrace Dr, Big Pine",9112,384948,431538,550,-745,Inyo
37.17808,-118.30726,"203 Terrace Dr, Big Pine",9060,81235,431538,4134,2839,Inyo
37.17808,-118.307,"205 Terrace Dr, Big Pine",9060,222587,431538,2466,1171,Inyo
37.17808,-118.30674,"207 Terrace Dr, Big Pine",9060,287125,431538,1704,409,Inyo
37.17808,-118.30648,"209 Terrace Dr, Big Pine",9060,434955,434955,0,-1305,Inyo
37.17807,-118.30622,"211 Terrace Dr, Big Pine",9060,410161,431538,252,-1042,Inyo
37.17807,-118.30596,"213 Terrace Dr, Big Pine",9060,331302,431538,1183,-112,Inyo
37.17807,-118.3057,"215 Terrace Dr, Big Pine",9060,414580,431538,200,-1095,Inyo
37.17807,-118.30544,"217 Terrace Dr, Big Pine",9060,508741,508741,0,-1526,Inyo
37.17805,-118.30519,"219 Terrace Dr, Big Pine",7793,426564,431538,59,-1236,Inyo
37.17776,-118.3052,"120 Terrace Dr, Big Pine",7793,294014,431538,1623,328,Inyo
37.17774,-118.30544,"118 Terrace Dr, Big Pine",9060,301519,431538,1534,240,Inyo
37.17774,-118.3057,"116 Terrace Dr, Big Pine",9060,196991,431538,2768,1473,Inyo
37.17774,-118.30596,"114 Terrace Dr, Big Pine",9060,287450,431538,1700,406,Inyo
37.17774,-118.30622,"112 Terrace Dr, Big Pine",9060,78355,431538,4168,2873,Inyo
37.17775,-118.30648,"110 Terrace Dr, Big Pine",9060,484500,484500,0,-1454,Inyo
37.17775,-118.30674,"108 Terrace Dr, Big Pine",9060,368116,431538,748,-546,Inyo
37.17775,-118.307,"106 Terrace Dr, Big Pine",9060,448412,448412,0,-1345,Inyo
37.17775,-118.30726,"104 Terrace Dr, Big Pine",9060,355485,431538,897,-397,Inyo
37.17775,-118.30752,"102 Terrace Dr, Big Pine",9016,496850,496850,0,-1491,Inyo
37.17731,-118.30497,"119 Terrace Dr, Big Pine",27600,369599,431538,731,-564,Inyo
37.17888,-118.30752,"101 Pine Rd, Big Pine",9593,274862,431538,1849,554,Inyo
37.17888,-118.30725,"103 Pine Rd, Big Pine",9060,278743,431538,1803,508,Inyo
37.17887,-118.30699,"105 Pine Rd, Big Pine",9060,373438,431538,686,-609,Inyo
37.17887,-118.30673,"107 Pine Rd, Big Pine",9060,256140,431538,2070,775,Inyo
37.17887,-118.30647,"109 Pine Rd, Big Pine",9060,146401,431538,3365,2070,Inyo
37.17887,-118.30621,"111 Pine Rd, Big Pine",9060,187065,431538,2885,1590,Inyo
37.17887,-118.30595,"113 Pine Rd, Big Pine",9060,268047,431538,1929,635,Inyo
37.17887,-118.30569,"115 Pine Rd, Big Pine",9060,129600,431538,3563,2268,Inyo
37.17887,-118.30544,"117 Pine Rd, Big Pine",9060,149614,431538,3327,2032,Inyo
37.17881,-118.30509,"119 Pine Rd, Big Pine",14822,342373,431538,1052,-242,Inyo
37.17857,-118.30465,"121 Pine Rd, Big Pine",20618,552780,552780,0,-1658,Inyo
37.17934,-118.30495,"122 Pine Rd, Big Pine",8742,415330,431538,191,-1103,Inyo
37.17935,-118.30519,"120 Pine Rd, Big Pine",9600,335654,431538,1131,-163,Inyo
37.17936,-118.30545,"118 Pine Rd, Big Pine",9060,154210,431538,3272,1978,Inyo
37.17936,-118.30571,"116 Pine Rd, Big Pine",9060,462222,462222,0,-1387,Inyo
37.17936,-118.30597,"114 Pine Rd, Big Pine",9060,145841,431538,3371,2077,Inyo
37.17936,-118.30623,"112 Pine Rd, Big Pine",9060,97310,431538,3944,2649,Inyo
37.17937,-118.30649,"110 Pine Rd, Big Pine",9060,195934,431538,2780,1486,Inyo
37.17937,-118.30675,"108 Pine Rd, Big Pine",9060,480753,480753,0,-1442,Inyo
37.17937,-118.30701,"106 Pine Rd, Big Pine",9060,185635,431538,2902,1607,Inyo
37.17937,-118.30727,"104 Pine Rd, Big Pine",9060,181809,431538,2947,1652,Inyo
37.17937,-118.30753,"102 Pine Rd, Big Pine",9012,407159,431538,288,-1007,Inyo
37.1797,-118.30753,"101 Juniper Rd, Big Pine",9012,441628,441628,0,-1325,Inyo
37.1797,-118.30727,"103 Juniper Rd, Big Pine",9060,230594,431538,2371,1077,Inyo
37.1797,-118.30701,"105 Juniper Rd, Big Pine",9060,288070,431538,1693,398,Inyo
37.1797,-118.30675,"107 Juniper Rd, Big Pine",9060,321849,431538,1294,0,Inyo
37.1797,-118.30649,"109 Juniper Rd, Big Pine",9060,455000,455000,0,-1365,Inyo
37.1797,-118.30623,"111 Juniper Rd, Big Pine",9060,309870,431538,1436,141,Inyo
37.17969,-118.30597,"113 Juniper Rd, Big Pine",9060,424480,431538,83,-1211,Inyo
37.17969,-118.30571,"115 Juniper Rd, Big Pine",9060,111791,431538,3773,2478,Inyo
37.17969,-118.30545,"117 Juniper Rd, Big Pine",9060,341343,431538,1064,-230,Inyo
37.17969,-118.30519,"119 Juniper Rd, Big Pine",9060,123760,431538,3632,2337,Inyo
37.17969,-118.30494,"121 Juniper Rd, Big Pine",6304,154307,431538,3271,1977,Inyo
37.18016,-118.30493,"122 Juniper Rd, Big Pine",8742,350198,431538,960,-335,Inyo
37.18018,-118.30519,"120 Juniper Rd, Big Pine",10570,255480,431538,2077,783,Inyo
37.18019,-118.30545,"118 Juniper Rd, Big Pine",10570,237267,431538,2292,998,Inyo
37.18019,-118.30571,"116 Juniper Rd, Big Pine",10570,313622,431538,1391,97,Inyo
37.18019,-118.30597,"114 Juniper Rd, Big Pine",10570,250648,431538,2134,840,Inyo
37.18019,-118.30623,"112 Juniper Rd, Big Pine",10570,375099,431538,666,-629,Inyo
37.18019,-118.30648,"110 Juniper Rd, Big Pine",10570,239263,431538,2269,974,Inyo
37.18019,-118.30674,"108 Juniper Rd, Big Pine",10570,226755,431538,2416,1122,Inyo
37.18019,-118.307,"106 Juniper Rd, Big Pine",10570,489600,489600,0,-1469,Inyo
37.18019,-118.30726,"104 Juniper Rd, Big Pine",10570,424482,431538,83,-1211,Inyo
37.1802,-118.30752,"102 Juniper Rd, Big Pine",10815,443700,443700,0,-1331,Inyo
37.17855,-118.30425,"123 Pine Rd, Big Pine",13267,252626,431538,2111,817,Inyo
37.17855,-118.30391,"125 Pine Rd, Big Pine",13252,490000,490000,0,-1470,Inyo
37.17823,-118.30392,"109 Elmcrest Dr, Big Pine",9724,120829,431538,3666,2372,Inyo
37.178,-118.30399,"107 Elmcrest Dr, Big Pine",11477,464068,464068,0,-1392,Inyo
37.1778,-118.30331,"104 Elmcrest Dr, Big Pine",9011,416438,431538,178,-1116,Inyo
37.17801,-118.30333,"106 Elmcrest Dr, Big Pine",9240,206391,431538,2657,1362,Inyo
37.17822,-118.30333,"108 Elmcrest Dr, Big Pine",9240,471000,471000,0,-1413,Inyo
37.17843,-118.30333,"110 Elmcrest Dr, Big Pine",9240,195916,431538,2780,1486,Inyo
37.17865,-118.30333,"112 Elmcrest Dr, Big Pine",9240,209077,431538,2625,1330,Inyo
37.17886,-118.30333,"114 Elmcrest Dr, Big Pine",9240,289784,431538,1673,378,Inyo
37.17778,-118.30408,"105 Elmcrest Dr, Big Pine",15473,506035,506035,0,-1518,Inyo
37.17737,-118.30387,"101 Elmcrest Dr, Big Pine",87120,609302,609302,0,-1828,Inyo
37.12596,-118.39198,"4024 Glacier Lodge Rd, Big Pine Creek",37461,62938,431538,4349,3055,Inyo
37.12594,-118.39128,"Glacier Lodge Rd, Big Pine Creek",37461,146427,431538,3364,2070,Inyo
37.12463,-118.38815,"3004 Glacier Lodge Rd, Big Pine",166834,426564,431538,59,-1236,Inyo
37.12463,-118.3877,"2056 Glacier Lodge Rd, Big Pine Creek",166834,249550,431538,2147,853,Inyo
37.12464,-118.38701,"2010 Glacier Lodge Rd, Big Pine Creek",334105,295435,431538,1606,311,Inyo
37.12425,-118.38905,"3028 Glacier Lodge Rd, Big Pine Creek",135036,160399,431538,3199,1905,Inyo
37.12427,-118.3886,"3010 Glacier Lodge Rd, Big Pine Creek",131551,231448,431538,2361,1066,Inyo
37.12416,-118.38973,"3052 Glacier Lodge Rd, Big Pine Creek",241322,177562,431538,2997,1702,Inyo
37.12582,-118.38884,"3040 Glacier Lodge Rd, Big Pine Creek",41382,90554,431538,4024,2729,Inyo
37.17907,-118.30333,"116 Elmcrest Dr, Big Pine",9240,332045,431538,1174,-121,Inyo
37.17928,-118.30333,"118 Elmcrest Dr, Big Pine",9240,205594,431538,2666,1372,Inyo
37.17949,-118.30333,"120 Elmcrest Dr, Big Pine",9240,324956,431538,1258,-37,Inyo
37.1797,-118.30333,"122 Elmcrest Dr, Big Pine",9240,311286,431538,1419,124,Inyo
37.17991,-118.30333,"124 Elmcrest Dr, Big Pine",9240,362068,431538,820,-475,Inyo
37.18013,-118.30333,"126 Elmcrest Dr, Big Pine",9240,114438,431538,3742,2447,Inyo
37.18034,-118.30333,"128 Elmcrest Dr, Big Pine",9240,413870,431538,208,-1086,Inyo
37.18055,-118.30333,"130 Elmcrest Dr, Big Pine",9240,112740,431538,3762,2467,Inyo
37.18076,-118.30333,"132 Elmcrest Dr, Big Pine",9240,277709,431538,1815,521,Inyo
37.18097,-118.30333,"134 Elmcrest Dr, Big Pine",9240,480000,480000,0,-1440,Inyo
37.18118,-118.30333,"136 Elmcrest Dr, Big Pine",9240,220235,431538,2493,1199,Inyo
37.1814,-118.30333,"138 Elmcrest Dr, Big Pine",9240,319617,431538,1321,26,Inyo
37.18151,-118.30395,"139 Elmcrest Dr, Big Pine",9120,284040,431538,1740,446,Inyo
37.18088,-118.30395,"133 Elmcrest Dr, Big Pine",9120,583663,583663,0,-1751,Inyo
37.18046,-118.30395,"129 Elmcrest Dr, Big Pine",9120,403258,431538,334,-961,Inyo
37.18025,-118.30394,"127 Elmcrest Dr, Big Pine",9147,390427,431538,485,-810,Inyo
37.18004,-118.30394,"125 Elmcrest Dr, Big Pine",9120,413870,431538,208,-1086,Inyo
37.17984,-118.30394,"123 Elmcrest Dr, Big Pine",9120,185176,431538,2907,1612,Inyo
37.17963,-118.30394,"121 Elmcrest Dr, Big Pine",9120,387482,431538,520,-775,Inyo
37.17942,-118.30394,"119 Elmcrest Dr, Big Pine",9120,256221,431538,2069,774,Inyo
37.17921,-118.30394,"117 Elmcrest Dr, Big Pine",9120,312586,431538,1404,109,Inyo
37.179,-118.30394,"115 Elmcrest Dr, Big Pine",9072,362111,431538,819,-475,Inyo
37.17901,-118.30442,"116 Mountain Dr, Big Pine",12054,306330,431538,1477,183,Inyo
37.17921,-118.3044,"118 Mountain Dr, Big Pine",10907,195535,431538,2785,1490,Inyo
37.17942,-118.30438,"120 Mountain Dr, Big Pine",10090,362932,431538,810,-485,Inyo
37.17963,-118.30437,"122 Mountain Dr, Big Pine",9925,440624,440624,0,-1322,Inyo
37.18109,-118.30437,"136 Mountain Dr, Big Pine",9618,362234,431538,818,-477,Inyo
37.18151,-118.30437,"140 Mountain Dr, Big Pine",9530,316192,431538,1361,66,Inyo
37.1805,-118.30495,"131 Mountain Dr, Big Pine",12502,424482,431538,83,-1211,Inyo
37.17994,-118.30437,"124 Mountain Dr, Big Pine",19719,472193,472193,0,-1417,Inyo
37.18031,-118.30437,"128 Mountain Dr, Big Pine",14669,335945,431538,1128,-167,Inyo
37.18062,-118.30437,"132 Mountain Dr, Big Pine",14581,422698,431538,104,-1190,Inyo
37.18161,-118.30333,"140 Elmcrest Dr, Big Pine",9240,434936,434936,0,-1305,Inyo
37.18182,-118.30333,"142 Elmcrest Dr, Big Pine",9240,162022,431538,3180,1886,Inyo
37.18203,-118.30333,"144 Elmcrest Dr, Big Pine",9240,262167,431538,1999,704,Inyo
37.18227,-118.30331,"146 Elmcrest Dr, Big Pine",11940,453313,453313,0,-1360,Inyo
37.18213,-118.30395,"145 Elmcrest Dr, Big Pine",9072,484072,484072,0,-1452,Inyo
37.18172,-118.30437,"142 Mountain Dr, Big Pine",9486,504594,504594,0,-1514,Inyo
37.18214,-118.30437,"146 Mountain Dr, Big Pine",9351,224237,431538,2446,1152,Inyo
37.06609,-118.26776,"941 Birch Creek Rd, Birch Creek/Tinnemaha",217800,955086,955086,0,-2865,Inyo
37.06809,-118.26391,"800 Birch Creek Rd, Birch Creek/Tinnemaha",218235,363990,363990,0,-1092,Inyo
37.06814,-118.26984,"1307 Birch Creek Rd, Birch Creek/Tinnemaha",214750,568910,568910,0,-1707,Inyo
37.06807,-118.26601,"850 Birch Creek Rd, Birch Creek/Tinnemaha",395960,458173,458173,0,-1375,Inyo
37.06823,-118.26808,"1247 Birch Creek Rd, Birch Creek/Tinnemaha",218671,486703,486703,0,-1460,Inyo
37.1822,-118.30687,"8 Julie Ann Ln, Big Pine",6969,359636,431538,848,-446,Inyo
37.18081,-118.30611,"26 Bette Lou Ln, Big Pine",7405,221871,431538,2474,1179,Inyo
37.18068,-118.30585,"43 Carmelea Ln, Big Pine",7405,251476,431538,2125,830,Inyo
37.18238,-118.30471,"100 Carmelea Ln, Big Pine",77972,192159,431538,2825,1530,Inyo
37.18273,-118.30568,"63 Olivia Ln, Big Pine",7405,428400,431538,37,-1258,Inyo
37.18284,-118.3068,"74 Olivia Ln, Big Pine",7405,396572,431538,413,-882,Inyo
37.18317,-118.30615,"78 Myrtle Ln, Big Pine",7405,326007,431538,1245,-49,Inyo
37.18421,-118.30483,"111 Olivia Ln, Big Pine",8276,219021,431538,2508,1213,Inyo
37.18306,-118.30329,"120 Olivia Ln, Big Pine",7405,460032,460032,0,-1380,Inyo
37.18333,-118.30441,"135 Carmelea Ln, Big Pine",9147,300553,431538,1546,251,Inyo
37.18281,-118.30512,"140 Carmelea Ln, Big Pine",7405,445000,445000,0,-1335,Inyo
37.18265,-118.30526,"141 Carmelea Ln, Big Pine",7405,324838,431538,1259,-36,Inyo
36.83732,-118.22326,"249 Schabbell Ln, Independence",43560,172242,316130,1698,749,Inyo
36.83445,-118.22232,"107 Schabbell Ln, Independence",40877,306723,316130,111,-837,Inyo
36.83376,-118.22232,"101 Schabbell Ln, Fort Independence",40877,307208,316130,105,-843,Inyo
36.83388,-118.21783,"259 E Oak Creek Rd, Fort Independence",54014,267454,316130,574,-374,Inyo
36.59581,-118.14104,"4225 W Whitney Portal Rd, Lone Pine",267458,59170,379322,3778,2640,Inyo
36.59503,-118.13521,"3581 West Whitney Portal Rd, Lone Pine",112384,835000,835000,0,-2505,Inyo
36.59095,-118.14271,"4260 Mt Langley Ln, Lone Pine Creek",109335,826538,826538,0,-2480,Inyo
36.59092,-118.13854,"4215 Mt Langley Ln, Lone Pine",108975,623809,623809,0,-1871,Inyo
36.59091,-118.13542,"4175 Mt Langley Ln, Lone Pine",222399,1080000,1080000,0,-3240,Inyo
36.59499,-118.12683,"3218 W Whitney Portal Rd, Lone Pine",9147,25460,379322,4176,3038,Inyo
36.59582,-118.12041,"2975 West Whitney Portal Rd, Lone Pine",43560,545101,545101,0,-1635,Inyo
36.61722,-118.07429,"153 West Pangborn St, Lone Pine",8299,271808,379322,1269,131,Inyo
36.61722,-118.07408,"141 W Pangborn St, Lone Pine",8299,131647,379322,2923,1785,Inyo
36.61722,-118.07492,"191 W Pangborn St, Lone Pine",8299,115247,379322,3116,1978,Inyo
36.61722,-118.0746,"165 W Pangborn St, Lone Pine",16598,179756,379322,2355,1217,Inyo
36.61669,-118.07429,"154 W Pangborn St, Lone Pine",8299,262658,379322,1377,239,Inyo
36.61632,-118.07355,"103 Kellogg St, Lone Pine",16598,227559,379322,1791,653,Inyo
36.61632,-118.07386,"129 Kellogg St, Lone Pine",8300,209771,379322,2001,863,Inyo
36.61632,-118.07407,"141 Kellogg St, Lone Pine",8299,133776,379322,2897,1759,Inyo
36.61632,-118.07428,"153 Kellogg St, Lone Pine",8299,216405,379322,1922,784,Inyo
36.61632,-118.07449,"163 Kellogg St, Lone Pine",8299,196502,379322,2157,1019,Inyo
36.61631,-118.0747,"179 Kellogg St, Lone Pine",8299,98251,379322,3317,2179,Inyo
36.61631,-118.07512,"203 Kellogg St, Lone Pine",8299,292254,379322,1027,-111,Inyo
36.61631,-118.07533,"215 Kellogg St, Lone Pine",8299,250871,379322,1516,378,Inyo
36.61669,-118.07345,"104 W Pangborn St, Lone Pine",8299,372359,379322,82,-1056,Inyo
36.61669,-118.07366,"120 W Pangborn St, Lone Pine",8300,429788,429788,0,-1289,Inyo
36.61669,-118.07408,"142 W Pangborn St, Lone Pine",8299,125442,379322,2996,1858,Inyo
36.61668,-118.07523,"216 W Pangborn St, Lone Pine",16600,148716,379322,2721,1583,Inyo
36.61578,-118.07491,"192 Kellogg St, Lone Pine",8299,327907,379322,607,-531,Inyo
36.61578,-118.0747,"180 Kellogg St, Lone Pine",8299,147096,379322,2740,1602,Inyo
36.61578,-118.07386,"130 Kellogg St, Lone Pine",8299,50473,379322,3880,2742,Inyo
36.61578,-118.07512,"204 Kellogg St, Lone Pine",8299,108761,379322,3193,2055,Inyo
36.61577,-118.07533,"216 Kellogg St, Lone Pine",8300,99423,379322,3303,2165,Inyo
36.61578,-118.07428,"154 Kellogg St, Lone Pine",8299,270606,379322,1283,145,Inyo
36.61578,-118.07449,"170 Kellogg St, Lone Pine",8299,157161,379322,2621,1484,Inyo
36.61674,-118.07203,"260 Entrance Rd, Lone Pine",108900,188473,379322,2252,1114,Inyo
36.61579,-118.07282,"104 Lasky Ln, Lone Pine",24393,446817,446817,0,-1340,Inyo
36.61626,-118.07163,"106 E Kellogg St, Lone Pine",59677,221349,379322,1864,726,Inyo
36.61722,-118.073,"101 E Pangborn St, Lone Pine",11341,396005,396005,0,-1188,Inyo
36.61722,-118.07273,"121 East Pangborn St, Lone Pine",12156,281508,379322,1154,16,Inyo
36.61586,-118.07227,"200 Lasky Ln, Lone Pine",37498,542227,542227,0,-1627,Inyo
36.59323,-118.06258,"1235 S Main St, Lone Pine",90604,270784,379322,1281,143,Inyo
36.56315,-118.07346,"1471 Indian Springs Dr, Alabama Hills",1742400,588424,588424,0,-1765,Inyo
36.54715,-118.08074,"1201 Lubken Canyon Rd, Alabama Hills",43995,371844,379322,88,-1050,Inyo
36.56766,-118.08081,"1095 Shahar Ave, Lone Pine",222591,816000,816000,0,-2448,Inyo
36.56743,-118.08182,"1055 Shahar Ave, Alabama Hills",214750,464229,464229,0,-1393,Inyo
36.56747,-118.08354,"951 Shahar Ave, Lone Pine",215186,280875,379322,1162,24,Inyo
36.56756,-118.08448,"901 Shahar Ave, Lone Pine",214750,670000,670000,0,-2010,Inyo
36.56594,-118.08429,"900 Shahar Ave, Lone Pine",72309,319618,379322,705,-433,Inyo
36.56526,-118.08428,"950 Mcdonald Rd, Lone Pine",51400,366528,379322,151,-987,Inyo
36.5655,-118.08272,"1024 Shahar Ave, Lone Pine",100623,177892,379322,2377,1239,Inyo
36.56554,-118.08181,"1030 Shahar Ave, Lone Pine",113256,754265,754265,0,-2263,Inyo
36.56658,-118.08062,"1093 Shahar Ave, Alabama Hills",56628,646995,646995,0,-1941,Inyo
36.56563,-118.08079,"1090 Shahar Ave, Lone Pine",164656,330836,379322,572,-566,Inyo
36.57136,-118.09544,"220 Thundercloud Ln, Alabama Hills",202554,640388,640388,0,-1921,Inyo
36.57035,-118.08728,"760 Thundercloud Ln, Lone Pine",159349,1088230,1088230,0,-3265,Inyo
36.57066,-118.08945,"604 Thundercloud Ln, Lone Pine",116305,903830,903830,0,-2711,Inyo
36.57178,-118.08933,"631 Thundercloud Ln, Lone Pine",162043,622200,622200,0,-1867,Inyo
36.57088,-118.08538,"751 Thundercloud Ln, Lone Pine",147668,303799,379322,891,-247,Inyo
36.56927,-118.08558,"771 Thundercloud Ln, Alabama Hills",116305,398713,398713,0,-1196,Inyo
36.56655,-118.08811,"680 Shahar Ave, Lone Pine",114562,584511,584511,0,-1754,Inyo
36.57049,-118.0885,"650 Thundercloud Ln, Alabama Hills",111513,358278,379322,248,-890,Inyo
36.56747,-118.08563,"851 Shahar Ave, Alabama Hills",209523,338084,379322,487,-651,Inyo
36.56595,-118.08636,"761 Alabama Dr, Lone Pine",174675,433932,433932,0,-1302,Inyo
36.56721,-118.08996,"550 Shahar Ave, Alabama Hills",78843,313524,379322,776,-362,Inyo
36.56721,-118.091,"510 Shahar Ave, Lone Pine",189050,518655,518655,0,-1556,Inyo
36.56648,-118.09787,"494 Tuttle Creek Rd, Lone Pine",29185,546521,546521,0,-1640,Inyo
36.56647,-118.09691,"151 Alabama Dr, Lone Pine",40075,246526,379322,1567,429,Inyo
36.56647,-118.0964,"201 Alabama Dr, Lone Pine",40075,382034,382034,0,-1146,Inyo
36.56646,-118.09589,"251 Alabama Dr, Alabama Hills",40075,166974,379322,2506,1368,Inyo
36.56645,-118.09435,"325 Alabama Dr, Lone Pine",40075,689785,689785,0,-2069,Inyo
36.56643,-118.09384,"351 Alabama Dr, Alabama Hills",41817,225346,379322,1817,679,Inyo
36.56639,-118.09337,"375 Alabama Dr, Alabama Hills",39639,235132,379322,1701,563,Inyo
36.56634,-118.09295,"401 Alabama Dr, Lone Pine",40075,142106,379322,2799,1661,Inyo
36.56626,-118.09216,"481 Alabama Dr, Alabama Hills",45738,145351,379322,2761,1623,Inyo
36.56622,-118.09177,"491 Alabama Dr, Lone Pine",48787,594977,594977,0,-1785,Inyo
36.5661,-118.091,"525 Alabama Dr, Lone Pine",50094,375515,379322,45,-1093,Inyo
36.56589,-118.08986,"585 Alabama Dr, Lone Pine",52272,255344,379322,1463,325,Inyo
36.57112,-118.0974,"160 Tuttle Creek Rd, Lone Pine",48351,544189,544189,0,-1633,Inyo
36.57034,-118.09741,"260 Tuttle Creek Rd, Lone Pine",48351,410840,410840,0,-1233,Inyo
36.56995,-118.09742,"280 Tuttle Creek Rd, Lone Pine",48351,568275,568275,0,-1705,Inyo
36.56956,-118.09743,"290 Tuttle Creek Rd, Lone Pine",48351,634843,634843,0,-1905,Inyo
36.56992,-118.09652,"151 Sunset Dr, Lone Pine",132858,510000,510000,0,-1530,Inyo
36.56984,-118.09586,"233 Sunset Dr, Alabama Hills",128937,354129,379322,297,-841,Inyo
36.56976,-118.09518,"267 Sunset Dr, Alabama Hills",118047,312582,379322,788,-350,Inyo
36.56968,-118.0945,"301 Sunset Dr, Alabama Hills",107157,211089,379322,1985,847,Inyo
36.5696,-118.09382,"333 Sunset Dr, Alabama Hills",96267,269032,379322,1301,163,Inyo
36.56781,-118.09545,"260 Sunset Dr, Lone Pine",208216,460752,460752,0,-1382,Inyo
36.56782,-118.09641,"150 Sunset Dr, Lone Pine",196020,635000,635000,0,-1905,Inyo
36.56822,-118.09745,"370 Tuttle Creek Rd, Lone Pine",48351,631381,631381,0,-1894,Inyo
36.56782,-118.09746,"400 Tuttle Creek Rd, Alabama Hills",48351,228813,379322,1776,638,Inyo
36.56704,-118.09748,"460 Tuttle Creek Rd, Lone Pine",48351,509379,509379,0,-1528,Inyo
36.56861,-118.09753,"350 Tuttle Creek Rd, Lone Pine",41382,500000,500000,0,-1500,Inyo
36.56917,-118.09744,"300 Tuttle Creek Rd, Lone Pine",48787,236117,379322,1690,552,Inyo
36.57151,-118.09739,"130 Tuttle Creek Rd, Alabama Hills",48395,344120,379322,415,-723,Inyo
36.56983,-118.09178,"433 Sunset Dr, Lone Pine",131551,343050,379322,428,-710,Inyo
36.56953,-118.09042,"557 Sunset Dr, Lone Pine",89298,474642,474642,0,-1424,Inyo
36.56946,-118.08906,"631 Sunset Dr, Alabama Hills",80586,314001,379322,771,-367,Inyo
36.56942,-118.08838,"651 Sunset Dr, Lone Pine",76230,657948,657948,0,-1974,Inyo
36.56939,-118.0877,"701 Sunset Dr, Alabama Hills",71438,289454,379322,1060,-78,Inyo
36.56936,-118.08699,"776 Thundercloud Ln, Alabama Hills",73180,369869,379322,112,-1026,Inyo
36.56777,-118.08812,"798 Thundercloud Ln, Alabama Hills",79279,302332,379322,908,-229,Inyo
36.56842,-118.09117,"505 Shahar Ave, Alabama Hills",48787,140126,379322,2823,1685,Inyo
36.56798,-118.09185,"466 Sunset Dr, Alabama Hills",121532,362064,379322,204,-934,Inyo
36.56853,-118.08849,"570 Sunset Dr, Lone Pine",43560,577579,577579,0,-1733,Inyo
36.568,-118.08884,"651 Shahar Ave, Lone Pine",56628,372752,379322,78,-1060,Inyo
36.56837,-118.09008,"550 Sunset Dr, Lone Pine",41382,376353,379322,35,-1103,Inyo
36.5682,-118.0876,"794 Thundercloud Ln, Lone Pine",47480,145806,379322,2755,1618,Inyo
36.56855,-118.08727,"790 Thundercloud Ln, Alabama Hills",43124,239497,379322,1650,512,Inyo
36.56834,-118.08945,"575 Shahar Ave, Lone Pine",74052,171867,379322,2448,1310,Inyo
36.56084,-118.07335,"1551 Indian Springs Dr, Alabama Hills",74923,317493,379322,730,-408,Inyo
36.56077,-118.07246,"1575 Indian Springs Dr, Lone Pine",145926,326010,379322,629,-509,Inyo
36.56034,-118.06952,"1579 Indian Springs Dr, Lone Pine",1062864,348261,379322,367,-771,Inyo
36.55863,-118.06941,"1601 Indian Springs Dr, Alabama Hills",1008849,527528,527528,0,-1583,Inyo
36.55806,-118.07511,"200 Dominy Rd, Lone Pine",41382,459447,459447,0,-1378,Inyo
36.55827,-118.07552,"300 Dominy Rd, Alabama Hills",51400,388023,388023,0,-1164,Inyo
36.55915,-118.07541,"400 Dominy Rd, Lone Pine",65340,677901,677901,0,-2034,Inyo
36.55834,-118.07394,"101 Dominy Rd, Alabama Hills",49222,269485,379322,1296,158,Inyo
36.55855,-118.07337,"1624 Indian Springs Dr, Alabama Hills",46609,237812,379322,1670,532,Inyo
36.55894,-118.07312,"1600 Indian Springs Dr, Lone Pine",56628,546152,546152,0,-1638,Inyo
36.55975,-118.07343,"1564 Indian Springs Dr, Alabama Hills",46609,211068,379322,1985,847,Inyo
36.55989,-118.07461,"1488 Indian Springs Dr, Alabama Hills",95832,411888,411888,0,-1236,Inyo
36.56031,-118.07514,"1454 Indian Springs Dr, Lone Pine",105415,487093,487093,0,-1461,Inyo
36.56049,-118.07558,"1432 Indian Springs Dr, Alabama Hills",61855,151715,379322,2686,1548,Inyo
36.56087,-118.08652,"786 Indian Springs Dr, Alabama Hills",95832,488310,488310,0,-1465,Inyo
36.56087,-118.0858,"826 Indian Springs Dr, Lone Pine",84070,299686,379322,940,-198,Inyo
36.55994,-118.08581,"1004 Hunter Rd, Alabama Hills",172062,263993,379322,1361,223,Inyo
36.5589,-118.08582,"1044 Hunter Rd, Alabama Hills",108900,515449,515449,0,-1546,Inyo
36.55845,-118.08582,"1054 Hunter Rd, Lone Pine",108900,732263,732263,0,-2197,Inyo
36.558,-118.08582,"1064 Hunter Rd, Alabama Hills",108900,669738,669738,0,-2009,Inyo
36.5608,-118.08887,"700 Indian Springs Dr, Alabama Hills",92347,303666,379322,893,-245,Inyo
36.5608,-118.0878,"720 Indian Springs Dr, Lone Pine",197762,472927,472927,0,-1419,Inyo
36.56392,-118.09676,"694 Tuttle Creek Rd, Lone Pine",182516,604257,604257,0,-1813,Inyo
36.5626,-118.09673,"794 Tuttle Creek Rd, Lone Pine",189921,682692,682692,0,-2048,Inyo
36.56281,-118.09419,"335 Indian Springs Dr, Alabama Hills",212137,947134,947134,0,-2841,Inyo
36.56505,-118.0953,"250 Alabama Dr, Lone Pine",131115,506392,506392,0,-1519,Inyo
36.56492,-118.09393,"350 Alabama Dr, Alabama Hills",138520,427476,427476,0,-1282,Inyo
36.56479,-118.0932,"380 Alabama Dr, Alabama Hills",168577,377529,379322,21,-1117,Inyo
36.56507,-118.09601,"210 Alabama Dr, Lone Pine",133293,749898,749898,0,-2250,Inyo
36.56473,-118.09719,"632 Tuttle Creek Rd, Lone Pine",169884,986453,986453,0,-2959,Inyo
36.56253,-118.09087,"529 Indian Springs Dr, Alabama Hills",201247,382430,382430,0,-1147,Inyo
36.56247,-118.09001,"581 Indian Springs Dr, Alabama Hills",135907,235347,379322,1699,561,Inyo
36.56241,-118.08927,"627 Indian Springs Dr, Lone Pine",135907,469186,469186,0,-1408,Inyo
36.5624,-118.08697,"763 Indian Springs Dr, Alabama Hills",135036,202740,379322,2084,946,Inyo
36.56239,-118.08621,"807 Indian Springs Dr, Alabama Hills",135036,361052,379322,216,-922,Inyo
36.56239,-118.08538,"857 Mcdonald Rd, Lone Pine",155509,552037,552037,0,-1656,Inyo
36.56464,-118.09238,"450 Alabama Dr, Lone Pine",171190,725000,725000,0,-2175,Inyo
36.56449,-118.09152,"500 Alabama Dr, Lone Pine",173804,676260,676260,0,-2029,Inyo
36.56434,-118.09063,"550 Alabama Dr, Alabama Hills",172497,553257,553257,0,-1660,Inyo
36.56409,-118.08802,"680 Alabama Dr, Lone Pine",157687,707472,707472,0,-2122,Inyo
36.56408,-118.08718,"750 Alabama Dr, Alabama Hills",157687,551270,551270,0,-1654,Inyo
36.56407,-118.08542,"850 Alabama Dr, Alabama Hills",178596,568910,568910,0,-1707,Inyo
36.56265,-118.09246,"437 Indian Springs Dr, Lone Pine",185565,541162,541162,0,-1623,Inyo
36.56259,-118.09171,"457 Indian Springs Dr, Alabama Hills",145490,295344,379322,991,-147,Inyo
36.56029,-118.09747,"944 Tuttle Creek Rd, Lone Pine",108900,625367,625367,0,-1876,Inyo
36.55865,-118.09762,"1164 Tuttle Creek Rd, Alabama Hills",108900,373881,379322,64,-1074,Inyo
36.57402,-118.1746,"1 Wilkinson Ranch Rd, Lone Pine",3494818,855000,855000,0,-2565,Inyo
36.31881,-118.02951,"99 Pine St, Cartago",45000,72021,379322,3626,2488,Inyo
36.32134,-118.02534,"185 N Cartago St, Cartago",5662,113776,379322,3133,1995,Inyo
36.32076,-118.02533,"135 N Cartago St, Cartago",5500,20093,379322,4239,3101,Inyo
36.32054,-118.02533,"133 N Cartago St, Cartago",10900,105190,379322,3235,2097,Inyo
36.32109,-118.02574,"166 N Sierra St, Cartago",7600,34812,379322,4065,2927,Inyo
36.3213,-118.02574,"182 N Sierra St, Cartago",7800,41284,379322,3989,2851,Inyo
36.32179,-118.02575,"220 N Sierra St, Cartago",5600,71762,379322,3629,2491,Inyo
36.32225,-118.02575,"252 N Sierra St, Cartago",4800,16591,379322,4280,3142,Inyo
36.32113,-118.02533,"217 N Cartago St, Cartago",10000,71926,379322,3627,2489,Inyo
36.32091,-118.02533,"137 N Cartago St, Cartago",5500,160281,379322,2585,1447,Inyo
36.32166,-118.02534,"221 N Cartago St, Cartago",6000,28917,379322,4135,2997,Inyo
36.3215,-118.02534,"197 N Cartago St, Cartago",6000,150159,379322,2704,1566,Inyo
36.32061,-118.02574,"217 E Lake St, Cartago",27442,66838,379322,3687,2549,Inyo
36.32229,-118.02394,"262 Olancha St, Cartago",11950,36220,379322,4049,2911,Inyo
36.31958,-118.02667,"134 S Hwy 395, Cartago",10192,113207,379322,3140,2002,Inyo
36.31952,-118.0238,"S Mojave St, Cartago",6600,10291,379322,4355,3217,Inyo
36.31952,-118.02537,"147 S Cartago St, Cartago",6195,104055,379322,3248,2110,Inyo
36.31969,-118.02574,"134 S Sierra St, Cartago",6160,39651,379322,4008,2870,Inyo
36.31937,-118.02573,"156 Sierra St, Cartago",6875,18602,379322,4256,3119,Inyo
36.3192,-118.02573,"168 S Sierra St, Cartago",6790,51235,379322,3871,2733,Inyo
36.3194,-118.02443,"157 S Mojave St, Cartago",15681,71022,379322,3638,2500,Inyo
36.55167,-118.15248,"4310 Granite View Dr, Alabama Hills",43560,366527,379322,151,-987,Inyo
36.55223,-118.14934,"4306 Granite View Dr, Lone Pine",40510,175000,379322,2411,1273,Inyo
36.55724,-118.13915,"3800 Granite View Dr, Lone Pine",104108,348969,379322,358,-780,Inyo
36.55641,-118.13931,"3901 Granite View Dr, Lone Pine",91476,514658,514658,0,-1544,Inyo
36.49159,-117.87715,"195 Oliver St, Keeler",18000,59816,379322,3770,2632,Inyo
36.49135,-117.87737,"105 Oliver St, Keeler",18000,120776,379322,3051,1913,Inyo
36.49114,-117.87641,"385 Laws Ave, Keeler",18000,150870,379322,2696,1558,Inyo
36.49037,-117.87513,"265 Laws Ave, Keeler",9000,88322,379322,3434,2296,Inyo
36.48971,-117.87468,"210 Railroad Ave, Keeler",9000,28412,379322,4141,3003,Inyo
36.48988,-117.87495,"220 Railroad Ave, Keeler",9000,34128,379322,4073,2935,Inyo
36.48994,-117.87353,"170 Laws Ave, Keeler",18000,215000,379322,1939,801,Inyo
36.48957,-117.87292,"120 N Laws Ave, Keeler",13500,49724,379322,3889,2751,Inyo
36.48923,-117.87313,"197 Malone St, Keeler",4500,41919,379322,3981,2843,Inyo
36.48898,-117.87347,"120 Railroad Ave, Keeler",13500,42631,379322,3973,2835,Inyo
36.48868,-117.87298,"106 Railroad Ave, Keeler",4500,20284,379322,4237,3099,Inyo
36.48827,-117.8723,"166 Railroad Ave, Keeler",4500,18411,379322,4259,3121,Inyo
36.4888,-117.87255,"147 Laws Ave, Keeler",18000,25088,379322,4180,3042,Inyo
36.48841,-117.87038,"290 Cerro Gordo St, Keeler",18000,113401,379322,3138,2000,Inyo
36.49047,-117.87819,"440 Old State Hwy, Keeler",18000,157510,379322,2617,1479,Inyo
36.48994,-117.87732,"360 Yerington Ave, Keeler",9000,161745,379322,2567,1429,Inyo
36.4888,-117.87545,"197 Franklin St, Keeler",5850,24561,379322,4186,3048,Inyo
36.48901,-117.87579,"240 Yerington Ave, Keeler",16650,58433,379322,3786,2649,Inyo
36.48848,-117.87582,"207 Franklin St, Keeler",9000,17493,379322,4270,3132,Inyo
36.48807,-117.87431,"120 Yerington Ave, Keeler",3250,5683,379322,4409,3271,Inyo
36.48799,-117.87417,"110 Yerington Ave, Keeler",3250,5683,379322,4409,3271,Inyo
36.48799,-117.87502,"155 Yerington Ave, Keeler",4500,19482,379322,4246,3108,Inyo
36.48775,-117.87461,"125 Yerington Ave, Keeler",13500,35523,379322,4057,2919,Inyo
36.48813,-117.87546,"185 Yerington Ave, Keeler",13500,11623,431538,4955,3660,Inyo
36.48779,-117.87316,"147 Old State Hwy, Keeler",4500,13051,379322,4322,3184,Inyo
36.48771,-117.87303,"157 Old State Hwy, Keeler",4500,16560,379322,4281,3143,Inyo
36.48718,-117.87278,"197 Cerro Gordo St, Keeler",9000,35311,379322,4059,2921,Inyo
36.48763,-117.87289,"167 Old State Hwy, Keeler",5130,14971,379322,4299,3161,Inyo
36.48716,-117.87365,"157 Yerington Ave, Keeler",9000,8843,379322,4372,3234,Inyo
36.48743,-117.87409,"107 Yerington Ave, Keeler",6750,17656,379322,4268,3130,Inyo
36.48669,-117.8744,"137 Maud Est, Keeler",22500,100000,379322,3296,2158,Inyo
36.28086,-118.00744,"95 Shop St, Olancha",43560,190897,379322,2223,1085,Inyo
36.28869,-118.024,"501 Lacey Ln, Olancha",213008,228292,379322,1782,644,Inyo
36.2887,-118.0229,"497 Lacey Ln, Olancha",212572,195807,379322,2165,1028,Inyo
36.28827,-118.0218,"485 Lacey Ln, Olancha",108900,102480,379322,3267,2129,Inyo
36.28569,-118.01414,"301 Olancha Ln, Olancha",39204,174293,379322,2419,1281,Inyo
36.28569,-118.0136,"375 Olancha Ln, Olancha",39204,164170,379322,2539,1401,Inyo
36.28471,-118.01141,"100 Olancha Ln, Olancha",26250,99871,379322,3298,2160,Inyo
36.26918,-118.00778,"983 Shop St, Olancha",209088,254898,379322,1468,330,Inyo
36.27416,-118.00945,"344 W Fall Rd, Olancha",209523,150858,379322,2696,1558,Inyo
36.27361,-118.00701,"643 Shop St, Olancha",35283,222853,379322,1846,708,Inyo
36.27274,-118.0055,"680 Shop St, Olancha",209088,111426,379322,3161,2023,Inyo
36.27411,-118.00497,"96 W Fall Rd, Olancha",210394,132932,379322,2907,1769,Inyo
36.24988,-117.98204,"751 Cactus Flats Rd, Olancha",435600,94431,431538,3978,2683,Inyo
36.21027,-117.94452,"Nsf - Cactus Flats Rd, Cactus Flat",217800,57820,379322,3794,2656,Inyo
36.20763,-117.98637,"330 Sage Flats Dr, Sage Flat",1742400,282602,431538,1757,463,Inyo
36.20914,-118.00319,"1381 Sage Flats Dr, Sage Flat",251341,166401,379322,2512,1374,Inyo
36.20411,-118.01617,"2200 Sage Flats Dr, Sage Flat",261360,213518,379322,1956,819,Inyo
36.20577,-118.02278,"2601 Sage Flats Dr, Olancha",219106,346800,379322,384,-754,Inyo
36.27479,-118.01348,"521 Spring Cir, Olancha",34499,54084,379322,3838,2700,Inyo
36.27349,-118.01217,"606 Spring Cir, Olancha",33976,200944,379322,2105,967,Inyo
36.27309,-118.0149,"641 Summer Rd, Olancha",37461,114785,379322,3122,1984,Inyo
36.26213,-117.99939,"1725 S Hwy 395, Olancha",409464,106475,379322,3220,2082,Inyo
36.27596,-117.99237,"593 E Fall Rd, Olancha",335847,98218,379322,3317,2179,Inyo
36.25588,-117.99419,"2045 S Hwy 395, Olancha",40946,82685,379322,3500,2362,Inyo
36.25559,-117.99398,"2051 S Hwy 395, Olancha",29620,82685,379322,3500,2362,Inyo
36.25471,-117.99593,"Hwy 395, Olancha",1635678,126787,379322,2980,1842,Inyo
36.27076,-117.59443,"141 Nw Fourth Ave, Darwin",50310,46870,63078,191,2,Inyo
36.27237,-117.59384,"601 W Mckenzie St, Darwin",38631,33328,431538,4699,3404,Inyo
36.27213,-117.59106,"401 W Kearny St, Darwin",52283,81181,81181,0,-244,Inyo
36.27025,-117.59386,"431 W Market St, Darwin",51836,96900,96900,0,-291,Inyo
36.26988,-117.5934,"437 W Market St, Darwin",28346,48698,63078,170,-20,Inyo
36.269,-117.59251,"201 W Market St, Darwin",12600,75768,75768,0,-227,Inyo
36.26922,-117.59278,"249 W Market St, Darwin",12601,13913,63078,580,391,Inyo
36.26931,-117.59239,"220 W Reddy St, Darwin",16800,32922,63078,356,167,Inyo
36.26935,-117.59404,"350 W Market St, Darwin",29606,27998,63078,414,225,Inyo
36.26892,-117.5945,"350 W Fulton St, Darwin",8400,20842,63078,498,309,Inyo
36.26863,-117.59452,"300 W Fulton St, Darwin",33600,20157,431538,4854,3560,Inyo
36.2689,-117.59318,"250 W Market St, Darwin",8400,23959,63078,462,272,Inyo
36.26942,-117.59118,"First Ave Nw, Darwin",36155,51163,63078,141,-49,Inyo
36.26898,-117.59119,"211 N Main St, Darwin",12598,173400,173400,0,-520,Inyo
36.26864,-117.59191,"111 N Main St, Darwin",37795,44249,431538,4570,3275,Inyo
36.26843,-117.59054,"210 N Main St, Darwin",35397,63957,63957,0,-192,Inyo
36.26821,-117.59127,"140 N Main St, Darwin",23994,30884,63078,380,191,Inyo
36.26747,-117.59023,"250 E Reddy St, Darwin",16435,153000,153000,0,-459,Inyo
36.26818,-117.59244,"100 W Market St, Darwin",31158,53605,63078,112,-77,Inyo
36.26798,-117.5927,"151 S Main St, Darwin",13354,38068,63078,295,106,Inyo
36.2676,-117.59317,"211 S Main St, Darwin",44431,106120,106120,0,-318,Inyo
36.26705,-117.5927,"230 S Main St, Darwin",13354,29999,63078,390,201,Inyo
36.26674,-117.59201,"220 E Fulton St, Darwin",60548,77282,77282,0,-232,Inyo
36.26639,-117.59298,"331 First Ave Se, Darwin",21000,12230,63078,600,411,Inyo
36.26714,-117.59151,"121 First Ave Se, Darwin",25200,85312,85312,0,-256,Inyo
36.26666,-117.59474,"150 W Anthony St, Darwin",38486,18752,63078,523,334,Inyo
36.26609,-117.5939,"450 Main St, Darwin",4200,21221,63078,494,305,Inyo
36.26597,-117.59405,"S Main St, Darwin",8400,6096,63078,672,483,Inyo
36.26645,-117.5905,"300 East Market St, Darwin",37795,81603,81603,0,-245,Inyo
36.08734,-117.9638,"Dunmovin, Little Lake",22215,68974,379322,3662,2524,Inyo
36.08793,-117.96471,"Dunmovin, Little Lake",22215,5706,379322,4409,3271,Inyo
36.08755,-117.96289,"Dunmovin, Little Lake",33105,18118,379322,4262,3124,Inyo
35.79972,-117.87578,"3 Sterling Rd, Pearsonville",449103,405193,405193,0,-1216,Inyo
35.79968,-117.87073,"128 Pearson Rd, Pearsonville",302306,182070,274890,1095,271,Inyo
35.90147,-117.40502,"2041 Homewood Canyon Rd, Homewood Canyon",77972,33207,63078,352,163,Inyo
35.89186,-117.36551,"170 Homewood Canyon Rd, Trona",871200,23670,431538,4813,3518,Inyo
35.89482,-117.38675,"138 Crow Canyon Rd, Homewood Canyon",304048,31618,63078,371,182,Inyo
35.89516,-117.38254,"920 Homewood Canyon Rd, Homewood Canyon",21780,50452,63078,149,-40,Inyo
35.89238,-117.3866,"320 Crow Canyon Rd, Homewood Canyon",217800,167592,167592,0,-503,Inyo
35.89107,-117.38663,"400 Crow Canyon Rd, Homewood Canyon",338025,60364,63078,32,-157,Inyo
35.89713,-117.38497,"1111 Homewood Canyon Rd, Homewood Canyon",139392,362125,362125,0,-1086,Inyo
35.89646,-117.38235,"975 Homewood Canyon Rd, Homewood Canyon",217800,13056,63078,590,401,Inyo
35.89323,-117.38922,"330 Crow Canyon Rd, Homewood Canyon",653400,23027,63078,473,283,Inyo
35.89178,-117.39174,"345 Crow Canyon Rd, Trona",544500,90000,90000,0,-270,Inyo
35.8931,-117.39143,"341 Crow Canyon Rd, Trona",108900,20808,63078,499,310,Inyo
35.89566,-117.39026,"357 Crow Canyon Rd, Homewood Canyon",108900,69070,69070,0,-207,Inyo
35.89113,-117.38894,"450 Crow Canyon Rd, Trona",394218,98799,98799,0,-296,Inyo
35.89203,-117.38914,"407 Crow Canyon Rd, Trona",150282,93000,93000,0,-279,Inyo
35.8049,-117.35643,"Blm Tract Trona, Trona",217800,240000,240000,0,-720,Inyo
35.80218,-117.35197,"85400 Trona Wildrose Rd, Trona",217800,53896,63078,108,-81,Inyo
35.79857,-117.35494,"85300 Trona Wildrose Rd, Trona",350222,4974,431538,5033,3739,Inyo
35.97588,-116.27109,"593 Old State Hwy, Shoshone",7405,158099,333609,2071,1070,Inyo
35.94882,-116.27334,"76 Charles Brown Rd, Shoshone",217800,81225,333609,2978,1977,Inyo
35.85154,-116.24103,"44 Gentry Rd, Tecopa",163350,110406,388222,3278,2114,Inyo
35.85151,-116.24214,"22 Gentry Rd, Tecopa Hot Springs",163350,45506,431538,4555,3261,Inyo
35.87416,-116.23233,"305 Tecopa Hot Springs Rd, Tecopa",62726,224400,388222,1933,768,Inyo
35.8761,-116.23127,"11 Elias Rd, Tecopa Hot Springs",29430,54120,388222,3942,2778,Inyo
35.87692,-116.23287,"12 Bloss Rd, Tecopa Hot Springs",22650,55885,388222,3922,2757,Inyo
35.87609,-116.2334,"133 Elias Rd, Tecopa Hot Springs",20473,60460,388222,3868,2703,Inyo
35.87065,-116.22929,"195 Sundown St, Tecopa Hot",59241,126967,388222,3083,1918,Inyo
35.87065,-116.23006,"160 Noonday St, Tecopa Hot Springs",58370,29327,388222,4235,3070,Inyo
35.87298,-116.22997,"51 Sundown St, Tecopa Hot Springs",95832,383015,388222,61,-1103,Inyo
35.84814,-116.21204,"100 Downey Rd, Tecopa",163350,93844,388222,3474,2309,Inyo
35.84665,-116.21252,"200 Downey Rd, Tecopa Heights",18730,44125,388222,4060,2896,Inyo
35.84822,-116.20466,"1910 Old Spanish Trail Hwy, Tecopa Heights",109771,51565,388222,3973,2808,Inyo
35.84725,-116.20741,"105 Bonita Vista, Tecopa Heights",217800,19210,388222,4354,3190,Inyo
35.84426,-116.21319,"102 Anderson Way, Tecopa Heights",6969,5138,388222,4520,3356,Inyo
35.84358,-116.2141,"425 Downey Rd, Tecopa Heights",206910,31246,388222,4212,3048,Inyo
35.84158,-116.2147,"10 Sunset Rd, Tecopa",43560,43526,388222,4067,2903,Inyo
35.84463,-116.214,"Cemetery Rd, Tecopa Heights",10018,34998,388222,4168,3003,Inyo
35.84468,-116.21356,"375 Downey Rd, Tecopa Heights",11325,65237,388222,3811,2647,Inyo
35.84426,-116.21465,"72 Anderson Way, Tecopa Heights",9119,51910,388222,3968,2804,Inyo
35.84451,-116.21101,"250 Anderson Way, Tecopa Heights",39204,42286,388222,4082,2917,Inyo
35.84444,-116.21269,"360 Downey Rd, Tecopa Heights",4791,18743,388222,4360,3195,Inyo
35.84429,-116.21251,"370 Downey Rd, Tecopa Heights",27442,36230,388222,4154,2989,Inyo
35.84451,-116.20964,"352 Pat Rd, Tecopa Heights",217800,29406,388222,4234,3069,Inyo
35.84359,-116.21187,"420 Downey Rd, Tecopa Heights",206910,47251,388222,4023,2859,Inyo
35.84251,-116.21103,"310 Parrish Rd, Tecopa",21780,90202,388222,3517,2352,Inyo
35.84243,-116.21047,"492 Pat Rd, Tecopa Heights",14374,47003,388222,4026,2862,Inyo
35.84174,-116.21037,"570 Pat Rd, Tecopa Heights",60984,113863,388222,3237,2073,Inyo
35.8418,-116.20983,"290 Sunset Rd, Tecopa Heights",60984,47717,388222,4018,2853,Inyo
35.84179,-116.2093,"310 Sunset Rd, Tecopa Heights",43560,36219,388222,4154,2989,Inyo
35.84268,-116.21002,"273 Bob White Way, Tecopa Heights",54885,44917,388222,4051,2886,Inyo
35.84179,-116.2079,"520 Harris Rd, Tecopa Heights",78408,49642,388222,3995,2831,Inyo
35.84162,-116.20516,"550 Sunset Rd, Tecopa Heights",17424,50948,388222,3980,2815,Inyo
35.84162,-116.20472,"570 Sunset Rd, Tecopa Heights",17424,55748,388222,3923,2759,Inyo
35.84162,-116.20561,"4 Sunset Rd, Tecopa Heights",17424,38403,388222,4128,2963,Inyo
35.84162,-116.20433,"513 Grimshaw Rd, Tecopa Heights",13145,152349,388222,2783,1619,Inyo
35.81087,-115.68845,"125 Two Hawk Ranch Rd, Sandy Valley",1742400,129890,388222,3048,1884,Inyo
35.96966,-115.89562,"175 E Hall Ln, Charleston View",108900,38128,388222,4131,2966,Inyo
35.96603,-115.89559,"435 Carpenter Way, Charleston View",108900,125726,388222,3097,1933,Inyo
35.96146,-115.93574,"Spring Valley Ranchos, Charleston View",108900,21305,388222,4330,3165,Inyo
35.96193,-115.94071,"691 Desert Trail Way, Charleston View",435600,117942,388222,3189,2025,Inyo
35.97692,-115.86988,"645 E Crystal Rd, Charleston View",108900,50935,388222,3980,2815,Inyo
35.97058,-115.86878,"69 Cheffer Way, Charleston View",108900,64051,388222,3825,2661,Inyo
36.17955,-116.13055,"135 Agate St, Stewart Valley",216057,256699,333609,908,-93,Inyo
36.18187,-116.12826,"140 Agate St, Stewart Valley",229561,201210,333609,1562,561,Inyo
36.17607,-116.12058,"198 Ash Meadows Rd, Stewart Valley",192535,286000,333609,562,-439,Inyo
36.17526,-116.12127,"101 Condor Ave, Stewart Valley",197326,246518,333609,1028,27,Inyo
36.17536,-116.12305,"105 Condor Ave, Stewart Valley",120225,139965,333609,2285,1284,Inyo
36.17536,-116.1238,"107 Condor Ave, Shoshone",120225,284000,333609,585,-415,Inyo
36.17537,-116.12687,"115 Condor Ave, Stewart Valley",138085,196220,333609,1621,620,Inyo
36.17537,-116.1277,"117 Condor Ave, Stewart Valley",127195,160000,333609,2049,1048,Inyo
36.17542,-116.13107,"125 Condor Ave, Stewart Valley",209088,229500,333609,1228,228,Inyo
36.17736,-116.13056,"129 Agate St, Shoshone",216493,277491,333609,662,-339,Inyo
36.17835,-116.12769,"202 Charleston Ave, Stewart Valley",128502,204000,333609,1529,529,Inyo
36.17835,-116.12686,"204 Charleston Ave, Stewart Valley",140263,212240,333609,1432,431,Inyo
36.17835,-116.12455,"Charleston Ave, Stewart Valley",121968,277000,333609,668,-333,Inyo
37.23237,-118.56576,"2295 South Lake Rd, Bishop",21780,500147,605747,1246,-571,Inyo
37.18192,-118.30395,"143 Elmcrest Dr, Big Pine",9104,431016,431538,6,-1288,Inyo
37.18171,-118.30395,"143 Elmcrest Dr, Big Pine",9104,431016,431538,6,-1288,Inyo
37.23723,-118.59349,"168 Alpine Dr, Bishop",27104,529183,605747,903,-914,Inyo
37.36445,-118.39935,"506 Grove St, Bishop",3161,347053,605747,3053,1235,Inyo
37.3762,-118.42235,"1316 N Barlow Ln, Bishop",3108,640000,640000,0,-1920,Inyo
35.80159,-116.19199,"2010 China Ranch Rd, Tecopa",0,319967,388222,805,-359,Inyo
35.87648,-116.22727,"368 Tecopa Hot Springs Rd, Tecopa Hot Springs",0,1439,388222,4564,3399,Inyo
35.96893,-116.27164,"9 Law Ln, Shoshone",0,9991,333609,3819,2818,Inyo
36.48866,-117.87355,"104 Railroad Ave, Keeler",0,7981,379322,4382,3244,Inyo
36.4898,-117.8752,"242 Railroad Ave, Keeler",0,14490,379322,4305,3167,Inyo
36.48989,-117.87537,"258 Railroad Ave, Keeler",0,5067,379322,4416,3278,Inyo
36.49022,-117.87604,"310 Railroad Ave, Keeler",0,17388,379322,4271,3133,Inyo
36.57478,-118.10159,"Tuttle Creek Rd, Alabama Hills",0,11853,379322,4336,3198,Inyo
36.58029,-118.17685,"1 Olivas Ranch Rd, Alabama Hills",0,15270,379322,4296,3158,Inyo
36.59155,-118.06277,"1315 S Main St, Lone Pine",0,222709,379322,1848,710,Inyo
36.60877,-118.06108,"321 E Locust St, Lone Pine",0,125540,379322,2995,1857,Inyo
36.67529,-118.10009,"1 Alabama Gates Rd, Alabama Hills",0,23261,379322,4202,3064,Inyo
37.07,-118.26804,"750 Birch Creek Rd, Birch Creek/Tinnemaha",0,104297,316130,2500,1551,Inyo
37.16588,-118.29042,"120 W Crocker Ave, Big Pine",15000,166318,431538,3130,1835,Inyo
37.17309,-118.29688,"1 County Rd, Big Pine",0,21237,431538,4842,3547,Inyo
37.28212,-118.39563,"Collins Rd, Wilkerson",0,22492,605747,6882,5065,Inyo
37.31759,-118.40751,"329 Rossi Hill Rd, Rossi Hill",0,140102,605747,5495,3677,Inyo
37.31786,-118.40704,"325 Rossi Hill Rd, Rossi Hill",0,139390,605747,5503,3686,Inyo
37.36106,-118.43267,"2912 W Line St, Bishop",0,33482,605747,6753,4935,Inyo
37.36268,-118.44713,"220 Mt Tom Rd, Bishop",0,432875,605747,2040,223,Inyo
37.3657,-118.40124,"637 W Elm St, Bishop",0,21166,605747,6898,5081,Inyo
37.36691,-118.40264,"725 Home St, Bishop",0,46004,605747,6605,4788,Inyo
37.36731,-118.44794,"379 Mt Tom Rd, Bishop",0,432371,605747,2046,229,Inyo
37.36883,-118.40307,"785 Home St, Bishop",0,27659,605747,6821,5004,Inyo
37.36967,-118.40324,"849 Home St, Bishop",0,188308,605747,4926,3109,Inyo
37.38208,-118.39671,"1601 Hwy 6, Laws",0,28723,605747,6809,4992,Inyo
37.39979,-118.57006,"S Round Valley Rd, Round Valley",0,14990,605747,6971,5154,Inyo
37.41346,-118.58871,"Round Valley Rd, Round Valley",0,57706,605747,6467,4650,Inyo
37.4161,-118.60942,"Pine Creek Rd, Bishop",446490,669884,669884,0,-2010,Inyo
37.45355,-118.58337,"2164 Old Sherwin Grade Rd, Round Valley",0,36436,605747,6718,4901,Inyo
37.45754,-118.58812,"Old Sherwin Grade Rd, Round Valley",0,43749,605747,6632,4814,Inyo
